Timestamp,SDG_1,SDG_2,SDG_3,SDG_4,SDG_5,SDG_6,SDG_7,SDG_8,SDG_9,SDG_10,SDG_11,SDG_12,SDG_13,SDG_14,SDG_15,SDG_16,SDG_17,SDG_Health Care,SDG_Industrials,SDG_Consumer Discretionary,SDG_Information Technology,SDG_Financials,SDG_Consumer Staples,SDG_Utilities,SDG_Materials,SDG_Real Estate,SDG_Energy,SDG_Communication Services,SDG_all
2019-12-08,-0.6517449153064399,0.09384347175897698,0.0744448253744715,0.6444300531421734,-1.8813867974531997,-0.3417166793457134,-0.4407496275427184,0.4924458329611119,-0.3354355782623199,0.09333977141566091,0.1236174290061333,-0.21787766445014797,-0.566018878965108,-0.2268213629491676,-0.36305760869221676,-0.32965501722725127,-0.5970347704692882,-0.5162488793144013,0.20543432078542304,0.5862643975114176,0.8559565105289656,0.48298002092796993,0.3443524240678772,0.6206375839791554,0.3078503424061259,0.5733942354148016,-0.2593296241611266,-0.349612676566389,-0.2605516186473555
2019-12-09,-0.1818834775435958,0.20694816653665873,0.3448074069643894,1.198880692696468,-0.7999455427602138,0.4834090465669296,0.09716777012198458,0.7597370883905159,0.19008121008403192,0.39182571669989946,0.4203282310631182,0.066167727149052,-0.12049649182607396,0.12962211185049288,-0.20995821764997913,0.050592556594154466,-0.17639676748236574,0.36091467911021835,0.6493266321425067,0.4222257925703815,0.7778040114995163,0.8472040898900746,1.3571526533721836,0.21524722552796144,0.35719078913430946,1.2970842924852728,-0.0008710982149106668,-0.044068041070226154,0.16769924867385097
2019-12-10,-0.07124454066764348,0.18984384056311795,0.3218870253432005,1.2861098427521387,-2.2597798063677024,0.07806283925961911,-0.014455674898780397,0.5848865956231323,0.12030876090665255,0.31402307587654804,0.28702285364248875,0.2514585815640911,-0.1612798006782427,0.2243010919391785,-0.1566279700857309,-0.23551524606951268,-0.1485439813979354,0.09183837230578017,0.1411094064040582,0.6066377480955428,0.7908654302558076,0.23080346473999425,1.0557801403622566,0.34760880328483607,-0.2542116481771645,0.3464516580594987,-0.36868586666621433,0.5730299017947853,0.03590926395909527
2019-12-11,0.45544704756328735,0.7991084120195074,0.7207478629707567,1.4356939790680732,-1.9543984571641748,0.22738012285014855,0.6473743184226144,0.989040835574653,0.4570164510817687,0.5347063810122409,0.7205337411978266,0.49452775431624163,0.208785581956648,0.40094917188013546,0.37832208860028055,0.10723660162871854,0.2543447561422463,-0.04350162172895219,0.7206915585834203,0.9468967256155915,1.1455251372355353,0.6082843320498228,1.5728789808845216,0.807449295395082,0.8315812800775741,1.5144898156762754,0.3479821324392308,0.9339874313218668,0.40451862641888076
2019-12-12,0.14302097661389,0.7105801286985199,0.6313063625202373,1.3350011250714484,-1.2001704208362456,0.3561159878147796,0.6489981069735319,0.9543895484348982,0.5756683693997839,0.6771449576750687,0.71451029734211,0.3151313488302058,0.06088446422376472,0.49896361714040766,0.2344436805565949,0.16964268212673225,0.530360816837221,0.3711109492336513,0.7346203990120875,0.57590386305866,1.132636484881335,0.8247091276484614,1.7131018668912779,0.48751721086463273,0.531129924782349,0.24843590549694747,-0.35370022555314706,0.8540745494781048,0.4327054146719381
2019-12-13,0.20455040193155674,0.3817011611011154,0.6524429286905649,1.1598605903253751,-1.9849128342202775,0.40141139945312654,0.6161428533457552,0.8657081319353498,0.3227863359851414,0.5151584551783255,0.4127565648475388,0.40746048400476753,0.17471689957757094,0.1844811579762097,0.1340455504973984,0.06273624074874488,0.01704835648476976,-0.12358966531392547,0.44046485156942233,0.576637602199123,0.8483038345777266,0.6148362736545843,1.1839334059368287,1.3008383361527478,0.4255728489188639,1.0360305270179722,0.698291659270693,0.9010489059714999,0.26635851046253134
2019-12-14,-0.10516187458033678,0.12461297706521399,-0.20067122865635834,0.6936290710558062,-2.4904070743914835,-0.13983513947224527,0.31977330327693987,0.3595210131850879,-0.35198192832848185,-0.2052510121030304,-0.19579076787624553,0.22284765826714897,-0.4118411890412514,-0.7141763152715742,-0.4371327420839089,-0.7130571894155138,-0.09921878512741572,-0.5888528788370312,-0.28222486791557466,0.27220287579202795,0.2249433843640678,0.07201334617451621,1.4670270983084885,-0.6507765730682333,-0.9097245134505618,0.4599291400337638,-0.08111561110978888,-0.01647741697768377,-0.25553771902927347
2019-12-15,0.2514460133070694,0.48658423865557227,0.24647284243448792,0.6458167972911623,-1.546128468349396,-0.03082088423165854,0.18153599958107677,0.5935148671787487,-0.1282594820673631,0.267105879641338,-0.006029982393534664,0.14136800986829506,-0.5328248982705629,-0.3699633555542924,-0.5624731263639002,-0.5063672758367374,-0.27072694413580595,0.2126807487442924,0.36325945478204413,0.8198460313386237,0.8959240087410134,0.34917000105928564,0.7240210919456352,0.47210633672460595,-0.8567497618170958,0.53333939867302,-0.23272838749857253,-0.10523120734216034,-0.06704410407326476
2019-12-16,0.0640791568848808,0.399090397709352,0.6022378543763391,1.0557485935395419,-1.7552109423237572,0.2828113038152365,0.40010364230502105,0.8660417448094223,0.48104238180930586,0.5171668693535701,0.6166683908099635,0.26579863346265475,-0.08962947034583457,-0.047349251176348084,-0.12032256917622247,0.18713992595035026,0.22991911982173446,0.6288067835136723,0.53902988656464,0.82690435784959,0.9123188173329854,0.1681136363785057,0.4668206747041512,0.6676514765603511,1.75103103115446,1.4067730337312487,-0.0262282675889098,0.28789217827049546,0.23266681068383588
2019-12-17,0.13991410246938704,0.5693276795611529,0.5554677897058689,1.0347589317764707,-1.5602281471978343,0.2956737701176536,0.11506322389428575,0.680252181566207,0.3281921717348667,0.2654025371427038,0.4204079322462329,0.46459087233007584,0.048467076088066614,0.25574182801611706,0.07616452331222924,-0.03317429595951899,0.43699860022477827,-0.13805128784223622,0.34710887473946833,0.9435212035688612,0.7839142523986649,0.686946771922519,0.6723523567110151,0.025091731086537755,0.5866342803075378,1.9748368756793409,0.2367688073228514,0.7196116757281497,0.24076592806051433
2019-12-18,-0.22755601512352278,0.4161678281402267,0.21311921733898287,1.0417863775656622,-1.943548593964897,0.26777020998921414,0.05437042037490009,0.6540702155860747,0.33255801641603505,0.06176223310437374,0.28013242431450475,0.3678814711814944,-0.5563169967277065,-0.059881246356585226,-0.5639547752411433,-0.205378130935704,0.12593895506428004,-0.08073468762431414,0.15525284872687836,0.37690092938495795,1.0792875027267599,0.37819965187012317,0.8716919738291157,0.18615135328976176,-0.09889190319237073,2.0067756821823624,-0.2770537121010273,0.28113257220169685,0.015230682983893521
2019-12-19,0.04976541453327316,0.573403983621427,0.348828397624228,1.015501382465065,-1.8032849643196243,0.2600412450816305,0.25085397027636386,0.7717929073107718,0.11962285924544719,0.38746738669628994,0.3099568954840485,0.40368645496651595,-0.06831168848097473,0.1374609743469045,0.020146457225613847,-0.16503222232768397,0.16675850712456514,0.07083034529465783,0.70201504162862,0.7868066128929417,1.05180224063832,0.3705032019462934,0.782517565217192,0.35098753207194144,0.8211731379137396,1.395524832390298,-0.5608394203669833,0.5673331547017695,0.1634504682866977
2019-12-20,-0.12296412646796523,0.3289516107344745,0.36672078507365924,0.9129777693558541,-1.7071727217485053,0.03937456225169978,0.2390413113211879,0.8420739666516528,0.0029615683437713334,0.3172313744706284,0.40949440514086044,0.41474910228111816,-0.4184236834828375,-0.031528905968010494,-0.40284945514281817,-0.08250109544043924,-0.09735434906519558,0.27319115665791094,0.45924043891094324,0.37184643837722037,0.8273750092380443,0.5774346465359608,0.7927256002774438,0.8884457539139018,1.7726507649763321,0.9628481583348923,0.05981237668075432,0.03728467063563584,0.05945777166524326
2019-12-21,-0.7608635702689369,-0.015808433276156678,-0.21434776886881282,0.3583975371504251,-2.3287637243912775,-0.22670095676669136,-0.11676066671852812,0.25772039128243474,-0.5872113295584883,-0.27119310059334484,-0.4206718638031171,-0.058451707995805416,-0.4315266973418759,0.0010150458870675737,-0.34832833336497643,-0.7265941636091815,-0.3367489593838486,-0.2644644995026225,-0.2860823614730605,-0.2207268329183057,0.5143237728961048,0.05361805586298488,0.9450784526349046,0.4094725705771964,0.24053796877067737,0.40535071372169135,-0.4274894214679701,-0.646503530221412,-0.3662846059777126
2019-12-22,-0.6856579630100305,-0.47629567859878036,-0.26854134379030054,0.3920317698909107,-2.2272596272777987,-0.17937584854495425,-0.09172745086218903,0.2156531599429651,-0.42216340971779787,-0.29297202837513,-0.30549873551296225,-0.4264668418568446,-0.5454028847913783,-0.19452738898408997,-0.6370089660444496,-0.71218217503634,-0.17840004799126483,-0.20467925622844896,-0.42460775724667926,-0.2118188973610441,0.7108192541729126,-0.33347813760625106,0.01684470218522692,0.21887780413149188,0.16222961303623154,-0.449842460582452,-0.5804405788412768,0.5995114913275089,-0.4138703212094374
2019-12-23,-0.15089705888577043,0.022432628563547476,0.4766985839040612,0.9384188487936993,-1.8369895261857276,0.3815491183247389,0.3001773168715667,0.6510830715780291,-0.028869009177662067,0.24296192454331658,0.43450765484052445,-0.028137437132838946,-0.5495797625592815,-0.14377965822229982,-0.5116924088712839,-0.016961953372842797,0.28881454983714017,-0.14639903335369048,0.8460329526730067,0.738465643347915,0.8434023857094008,0.3468579136643892,0.7283584829678793,-0.05176997026106803,1.2682113897557024,0.7541596722528231,0.2896919509946988,0.4227842100715171,0.02763158134405393
2019-12-24,-0.19204175569318505,0.2883599905013764,0.2599380907056306,0.7629752599518962,-2.2723311258121903,-0.46152641480586615,-0.029408588538536593,0.47445449751684554,-0.19870635564872893,0.32182828914197437,0.031218131207143975,0.1983958026162728,-0.08482366616662686,0.07180587926688489,-0.3826705163446549,-0.1950001871113935,0.1722880884405393,0.3274546582252281,0.4558895305794961,0.05578637047181155,1.0636204247235703,0.178884109419569,0.6042438694784835,-0.030634695560804105,-0.35013153668554786,-0.15265492130027272,-0.32866087223090235,0.15641466660798084,-0.07266144592780108
2019-12-25,-0.11106604744638543,0.23807959750528393,0.17828283419847069,0.6144558076360126,-1.5335509272248957,-0.13236706027017425,0.04492969486566932,0.5179244631254257,0.1386533695261769,0.5305993262383387,0.21654072818530104,0.11241117158415409,-0.1589937819356553,-0.14599742169724583,-0.1490086785439047,-0.22102965854512227,0.22578254324567962,-0.38327949956204904,0.4215003221316528,0.9104363528334106,0.9139956614845466,0.6543176336964114,0.6703457821576411,0.008238682940639721,1.4016407088183123,-0.03553444096409697,-0.6372427042720161,0.7134039810750122,0.021508585908654648
2019-12-26,-0.2692109611420527,0.21280759119739834,0.11722859074476201,0.5234817810717528,-1.8671690277615065,-0.3012864862714589,0.21656434442431471,0.6749313452983284,0.08347095522800618,0.32582546563113457,0.1543176145273032,0.30803113428906925,-0.4192189067804426,-0.06301106435417186,-0.46241968023836144,-0.2595095597589041,0.07908715320918419,0.11994882029923788,0.6989027798936833,0.8274162143706796,0.5563542914196706,0.3957053271012881,0.570288721711877,-1.6608415170078175,1.546983268498362,0.5629115032664542,0.32684378017352345,-0.4325822674338152,-0.05565174768739085
2019-12-27,-0.42281850641913715,-0.22336940288060786,0.02912564683543944,0.46649838914080544,-2.094238281054327,-0.41297434692366647,-0.06041202287880191,0.41302496533129135,-0.1625999225969456,-0.19969184917757773,-0.058333115966674,0.16434359140986793,-0.19920832449518203,-0.2959956012687996,-0.29662011037612745,-0.44487095933313087,-0.43784059824257204,-0.002509426273019354,0.02918467051942653,0.2195072431641507,0.38117805184859876,0.39628908576411254,-0.15903446324924286,0.10170606672953486,-0.08453744429754509,1.0047188972249275,-0.7780726678785642,-0.22595602035813656,-0.24917532052330268
2019-12-28,-0.7763385782106327,-0.554751527769421,-0.7816677140435557,0.09184025921977287,-1.7918794579771957,-1.0682162036741678,-0.5433524620044197,0.010191377992556509,-0.7607041378695079,-0.30255269226023057,-0.7212627490362108,-0.5386132051176823,-0.9314696190283336,-0.736520065694821,-0.967587982426794,-1.0727031094331583,-0.8669116966773659,-0.4865192705348882,-0.1348507850595321,-0.40273772352443027,-0.4563645778653809,-0.36077203772747224,-1.1863328273122509,-1.8364575867328912,-0.7608837786153545,0.048319589097540416,-1.1527590676801007,-0.3770766532866755,-0.7242646802359511
2019-12-29,-0.7912625548850291,-0.3799260435727814,-0.4168481335858383,0.11723510026408354,-1.3824498440168564,-1.1945743574537913,-0.4804835867294964,0.23818552430190199,-0.617487634367269,-0.05255664123470148,-0.234290820178373,-0.26707488945279106,-0.43484001426635754,-0.7878301228109188,-0.4110970960096908,-0.5537349795872333,-0.29006182445612194,0.07734220401477199,-0.31526964898296833,-0.35025394291673584,0.3848754952362193,-0.6497800033716408,-0.6463569895554319,-0.798433596744424,0.40481198716577244,0.08954583286810111,-0.6590732496294597,0.10477425564724668,-0.4670057598847802
2019-12-30,-0.36455697638556256,0.08861995211200058,-0.09388143688256356,0.3645723523892657,-1.5511850812455494,0.13077023553108913,-0.009404072372486779,0.1842528308700335,-0.19233281493184162,-0.06000987250865762,-0.07406972340421031,0.08107030001073538,-0.7403466292645697,-0.412837463137065,-0.6957410047451662,-0.6509189985807026,-0.13233480717089294,-0.3933788494073226,0.12063883309980614,-0.3645146291162542,0.5070961381922074,0.4538590513757952,0.052543954785599055,-0.5033443988476038,0.41605509022440135,0.2820053966790213,0.10216832324976002,0.023104108757852834,-0.24284312998330257
2019-12-31,-0.5312728879370814,-0.17646854837556372,-0.03010021530816011,0.29625602431068215,-1.9368791438195683,-0.49766144663007333,-0.2520670803459873,0.2103974140827788,-0.36642663223052313,-0.11781282758785075,-0.16329535259924416,-0.12423062966234588,-0.7666798540210212,-0.8762073653902888,-0.7784180240641054,-0.5966401703421157,-0.3682629583017063,0.515194007093312,-0.001597978907325407,0.3719663503716495,0.3801672579493513,-0.2384836557478124,-0.2957640120918888,-0.5553274377719233,0.4526481269332232,-0.07823498524693442,-0.5986298199099003,-0.5045002962204629,-0.4162217469542456
2020-01-01,-0.266403959619827,-0.06408484188893579,-0.387168527504241,0.12450113628795707,-2.151752843669663,0.0156034980342823,0.03964892966694677,0.07468940227408444,-0.5796622179523131,-0.2555881922225929,-0.5019653167128759,0.16079998750893926,-0.6310280204008316,-0.7433353972278931,-0.8095783485831861,-0.8187098655237917,-0.3351023308886694,-0.24566047379385791,-0.47935118753644596,-0.4818619098256668,0.6027877588977402,-0.08787035725964032,0.4316647152771871,-0.01637652371311798,-0.27777487598452144,0.24603954207893292,-0.2856274345041528,-0.27040228598140686,-0.41936099461309473
2020-01-02,-0.2815954540759713,0.016756593729436303,0.03888980714401672,0.8246435222275076,-1.7230050483339963,0.014059754385124834,0.1542813248341115,0.6109816817416976,-0.06482989607554203,0.32871054833737967,0.06493122494424951,0.2028393386964312,-0.3074727961968897,-0.0410357443996325,-0.31786033381759593,-0.32013392722999967,-0.04086940488756338,0.41677100545352075,0.19337474507534902,0.11600751935676462,0.9605935652126135,0.0058306970021436,0.30455096140767096,0.27238618834551603,0.7261710841043172,0.47730595900130274,0.09988934821604309,0.5154040966293075,-0.04945345935160211
2020-01-03,-0.5774670649792473,0.07725146951552697,-0.186642592901827,0.8155257679830515,-1.2586438639673692,0.32337318999755793,-0.1729005996198845,0.33563164219076236,-0.3649626384388152,0.017647084320436764,-0.03595890102488143,0.045638171145785125,-0.33189497552388103,-0.6970689372707833,-0.43838011037316277,-0.5654221292929646,-0.20729897946298742,0.26535431059568276,0.5583555048139637,-0.22152817443109998,0.8585331060927001,-0.6520146118833762,0.5562114008978154,-0.4175968547170637,0.47740355946381474,1.3726078445445549,-1.0301576770717262,-0.009687923931129347,-0.1895043216295696
2020-01-04,-0.6965413419983282,0.07892170140347281,-0.9458859234740017,0.22711701306274362,-2.016884813327783,-1.3271174450934298,-1.2624805432389599,-0.03627331395404878,-0.9776277761768284,-0.7008487761209489,-0.7871446608781028,-0.4896610072471612,-1.062095042307305,-0.926490929297824,-1.0863969795818278,-1.1495755421146674,-0.9475014645338468,-0.32273324090553357,-0.9894456669997788,-0.6205823173299692,0.573748335857511,-1.1246086462816527,0.7690550907860436,-0.6966140170056998,0.3713505753647256,0.14578091644764185,-1.1750836732712098,0.054180302588013124,-0.8297933438164028
2020-01-05,-0.8138604153314973,-0.6133093781726557,-0.7291447221836967,0.387255811616921,-1.569396977238746,-0.7929765171799071,-0.6579150253387644,-0.007009127644618199,-0.5250394530155938,-0.46400426091171865,-0.567040398726453,-0.5133805183347803,-0.9433062444092829,-1.154174812999344,-0.9245532059390797,-1.1608586771685365,-0.5843641486848995,-0.68499901986083,0.021061670869268908,-0.13601911868562302,0.6888671241368062,-0.7599691521575352,0.4726868838375373,-1.0225616257811407,-0.546954822955352,0.1194041955568076,-0.8285012904987096,-0.7603696752034108,-0.6842987100978032
2020-01-06,0.0639350106857888,0.1687623351149408,0.14613596270000467,0.9423127472873367,-0.8975997123186287,-0.19646611843791745,-0.31959880329025964,0.5109149059461261,-0.18726051522318296,0.15488455002485882,0.3142805874635816,-0.10516500804077845,-0.24898535679478093,-0.3449125935072852,-0.1876065065764384,-0.18726765065501527,0.04828765829203278,-0.05454949567901456,0.5584989688761046,0.0038977463937359433,0.7833231564910489,-0.30915068139951546,1.2538976224704932,0.9311045432388897,0.20382886788067273,0.3293206469380311,0.01203429293728979,0.4483955997429462,-0.019138147489977452
2020-01-07,-0.32679542255430777,0.0726786080861949,0.2184890566545996,1.0215650759961645,-1.4521909856431452,-0.10637023473815001,0.05194561866032069,0.6789833039419373,0.13349644615902825,0.27037833120556926,0.3979808953002862,0.21736077494455927,-0.0013001441972163436,-0.21632658163344973,-0.0767133630438469,-0.13905946049665135,0.3137191573194686,-0.07945617770020523,0.2448830685741986,0.20285945745329417,0.96822557840094,0.6535631490391247,0.886933517826678,0.7733746168953168,0.9000287863087052,1.0123413290153382,-0.5604927281877403,0.08718076132505902,0.06222594564478595
2020-01-08,-0.10173052314423366,0.3239054671884438,0.30272467129472314,1.2124148305746345,-1.9956204448116295,0.2140823801287827,0.11369138144133015,0.8689058918858349,0.2590872609233601,0.22301802376921814,0.38146827095357405,0.5674120818086207,-0.037896100438395725,-0.025542555263290974,0.04705933397732324,-0.10146455006413374,0.2709713189453519,0.20827653586349548,1.0472216777442687,0.18073316472617054,0.7278988728125467,0.7679945415608529,0.5311318269182846,0.6386183038974758,0.5742083833984237,1.666897974766537,0.09972006078910563,0.2868248705759528,0.14838157289232431
2020-01-09,-0.01953920444098689,0.29972135604689576,0.34179900457541623,1.3732601380438458,-1.5045522366899637,0.3675254012120583,0.11606781379044326,0.9318362667133496,0.33549664714619215,0.32550854917630234,0.47655894408072597,0.6692216081950328,0.10158035153046194,0.25246696548228076,0.10520099168016042,-0.08502960364240339,0.30981700684964086,0.14906717839051484,0.8911793769313192,0.23089965605991716,1.1308183749550142,0.3385854896264773,1.0392342384452409,0.8766394320160299,0.8320179527494801,1.0786835199238023,-0.17464978575348938,1.0029138841935474,0.25864352939702656
2020-01-10,-0.05855119683489135,0.3531150639995332,0.35489499965467036,1.2659880275584652,-1.3640583717605792,-0.01186599226521788,0.06367940072929834,0.767192640857808,-0.03132008918747025,0.4036419780342991,0.3487100653284841,0.18963241226275393,-0.131395297887778,0.35944965618441976,-0.07331591349883579,-0.07663432898678928,0.5890656825350233,0.37139384249752566,0.6233462241646581,0.41069637211773996,0.6505936282793432,0.09322155764319935,1.5354052003309988,0.3202836266625682,1.5926269942613258,1.9594866578081618,-0.18463654748666156,0.5320692136726713,0.17342521980724668
2020-01-11,-0.6706505830716664,-0.2607960780805592,-0.1700732284393659,0.7841860327678963,-1.147909660268802,-0.939539200157816,-0.8669732313029733,0.4192593996035458,-0.22594705419917424,-0.04420807427423702,0.12280239042450833,0.08707980374432753,-0.9385403994091015,-0.3335983589526934,-0.8955097507612699,-0.40187333123192304,0.05664846020402627,0.37424662730372144,0.6013018095146508,0.8269317128075829,0.5113596815829675,0.23063325711696908,0.6328888902072166,-1.0353528822572007,-0.14002228349254248,0.4613493820805155,-0.5531575527317242,-0.2975840801926769,-0.3191554625532516
2020-01-12,-0.9200020442851315,-0.4739555433235471,0.18290688617240042,0.869261793531195,-1.5599336160545836,-0.8642936362640787,-1.087479873100457,0.6606233607755642,-0.2667895659705885,0.06155983464179052,0.19904783773536275,0.08493888006073327,-0.964839553575485,-0.7354748702335396,-1.017476399464053,-0.3046015742645879,-0.18886675009134377,0.1284664683422849,0.7134684018190333,0.3260821954372369,1.3555079110779717,0.0029088517880403513,0.6522705122387121,-1.930566640203439,1.3265106070016894,0.020297661686257264,0.15850637564499226,-0.3046294834864942,-0.372080872571197
2020-01-13,-0.18988384321713175,-0.06733499518712695,0.13539225680026457,0.9065571684909844,-1.6906854561376468,0.1354141517844473,0.13332964343885065,0.6280229473270992,0.039851526883870385,0.27201632206594484,0.29291640618358017,0.039202071444049476,-0.3921946047284858,0.06426590475247271,-0.3922526479335986,-0.10407575754173018,-0.009463716663595726,-0.6498645090522386,0.4722206353428308,0.23981899113939015,1.1054283849813982,0.3731193572750732,1.2193662717035032,-1.1468207692130425,0.6945499590753879,1.3852165538122072,0.22522281415498896,0.6705033184205109,-0.011701330719867764
2020-01-14,-0.348707219594559,0.10325212473409576,0.209825274492274,1.2281928080724582,-1.5755436614846863,0.18698265880457568,-0.04951973109869613,0.7075033769621041,0.023176180177549077,0.23277410392985712,0.4127258193898403,0.15542318683153006,-0.5450130751568375,-0.3838040686185372,-0.5191071837319523,-0.08384302510066169,0.5728336482947692,-0.44042986040970133,0.597810220209235,0.39039473356311793,1.1159312611829855,0.5356931026007907,0.4586339476512704,-0.5505641107727237,0.5502898683676873,0.9966018711889174,-0.3968759484490833,0.3899796010548414,0.019244189229595504
2020-01-15,0.04769338483046554,0.3867050313516917,-0.011312370772134988,1.0506054912359941,-1.0529696587005828,0.097757207400351,0.10079684707656504,0.6227463161652784,0.09794097216559226,0.31958497578011785,0.21568241090205828,0.18870207128138675,-0.33217295300222466,-0.3760694945535433,-0.3103697328843027,-0.25077727710882797,0.42347454226261866,0.11954058340146799,-0.19874130737730464,0.2184356455043184,1.1810803576601898,0.5837140164008774,0.7528892095784631,-0.38280454834209365,1.2179049241289341,0.35235551857231845,-0.2306764076615725,0.3380280605131624,0.07164810373120609
2020-01-16,0.2648417172561532,0.432770578258255,0.2538765330708832,1.0591408358690821,-0.6549739546073309,0.41517919441014356,0.5467758858012244,0.6882384942984101,0.2914279340759733,0.23815596343203213,0.3133736017000857,0.2644335043061459,-0.001947932328256046,0.1965917713923085,0.2004560683403042,-0.15461265957096415,0.609858366276364,0.21265332895992553,0.24673518770973468,0.2948841822824871,0.7634433986123434,0.5489522760519541,0.8168022100966876,0.4579193717776052,0.4103677873060642,0.9158626284611641,0.08184779588126606,0.8117355851312639,0.29197564129298903
2020-01-17,0.18758828004026526,0.12546948594767765,-0.26012108062895145,0.8616819519368651,-1.2396605937546987,-0.31233909772396445,-0.015539375832349243,0.2748565561686566,-0.23423858767782718,0.09533783661074194,-0.043324491982085385,-0.3148164532484825,-0.7638009518207302,-0.10861945979352292,-0.704523718763852,-0.6248583292044646,-0.1302487485492227,0.031220809717512173,-0.40972226524667404,0.08884120879403144,0.05336525276818944,0.22077847765245914,0.5314264296357101,0.46043647391795045,0.07857490804410903,-0.22165674498494847,-0.45794484906609745,0.24128656207297594,-0.18865628107505558
2020-01-18,-0.3291299717668927,-0.19288456863107264,-0.47310666888308317,0.5349781341028158,-1.5086241207316455,-0.3677218094210628,-0.5070984149111305,0.16842404230806052,-0.36949632072915917,-0.1993757409138379,-0.3798896346036685,-0.24337897512347267,-0.5611683288168543,-0.4095890628263047,-0.36923844449475546,-0.7260737095138075,-0.24718925875905426,0.06930033051815297,-0.1556514743529908,0.014233617980067666,0.2362716871923677,-0.29509199705419203,-0.029096715846050503,0.6225645884798775,0.25584671288893596,-0.7623446156274946,-0.9536626007002585,-0.337045169802153,-0.36356252080676027
2020-01-19,0.17344528067718265,0.46031149315695363,0.042817679698606885,0.789360557337687,-0.07152543593319685,-0.29928946351206137,-0.2001439568235867,0.5573645021389442,-0.054669502997582296,0.31889449258274555,0.13627208730700247,0.3414729968856093,-0.05242910107820481,0.35864021249908834,-0.025428287916994034,-0.18949952947456264,0.9285185846921299,0.5139954310624242,0.42814795348346396,0.4698426787202271,0.9347634973842976,-0.1665698233124279,1.2548738103709063,-0.6019231827294222,1.4642796261875075,0.4657066710309199,-0.6377664882690333,0.2997553205938151,0.18906544760233887
2020-01-20,0.1416906286374897,0.403178245762383,0.2796636960235917,1.1051156172469634,-0.7204417902521875,0.5710202641592461,0.38315897504970864,0.7824939417717657,0.10688124207004795,0.23665962070878863,0.3552198699982022,0.14989262330403438,-0.15620658609425828,0.6113411153308362,-0.18726697238028087,0.09945282367729283,0.48688309173984323,0.3917251266844604,0.8330122999087924,0.4517165077061303,0.744766397604025,0.48481967801080983,1.14682867771529,-0.12937011257084105,0.5682039312348002,0.98126812063296,-0.009058839112837783,0.4055780293334109,0.27345508275020397
2020-01-21,-0.21170361996279066,0.23987522168180703,0.27949096992795963,1.3742634391705422,1.436831139412326,0.22445652336640776,0.11749646529561326,0.9723699801975866,-0.025440824593449173,0.49931837594651285,0.6892864041533057,0.045275382537459795,-0.6532788020204144,0.46906842807151106,-0.57794239554536,0.21688797069914242,0.6164817412847876,0.3158255525197126,0.3499198086884299,0.36282254893839644,0.8748755192600278,1.270914752019248,0.4714102878243009,1.4104375056509686,1.4623817881997272,0.39748225517463465,-0.2409836172177459,0.7205505939034695,0.33604331762487916
2020-01-22,-0.16631960296571047,0.19667434245435406,0.017850856823114873,1.3911110919927907,0.1343766613150629,0.11882277984456303,-0.025926287924815862,0.6626230518704602,0.051961620377325525,0.4115079949655521,0.37182015604561786,-0.08216633870937395,-0.24036858201862563,0.24538040163063363,-0.28414256449632064,-0.127358640250668,0.46149503166391614,0.40389214219969044,0.34193795785258796,0.22080508739269325,0.993804749649441,0.22574418037100596,0.3326218492621176,0.8894260192428315,0.7164697093473912,1.0283264569831665,-0.17001126915064274,0.4808782448649401,0.18454952780105158
2020-01-23,0.018055251770764495,0.5379581142838956,0.1177143801006395,1.008974463890129,0.4183809890619461,0.3908147552703528,0.23477639994447494,0.6756199295941615,0.0060517628072027825,0.4487213257673405,0.5025990286437982,-0.015176238461497476,-0.15117121557327928,0.6887738746041966,-0.2498289086213812,-0.19089959762884887,0.6812658155382185,0.48629062776189713,0.7650151926832598,0.4575519187166377,0.9559182669972504,0.30008019234249883,0.8552525599673056,0.26126729799261694,1.3031110442853253,1.4075824439493987,-0.07470580801276995,0.6042517239277532,0.3013311841760067
2020-01-24,-0.28068143391142325,0.10442717369745742,-0.36738581095029393,0.8225603053973203,-1.3558337403436076,-0.37794655918312625,-0.2994407913809574,0.4142052035632063,-0.24023862792236325,-0.2220757800379965,-0.014164994127441348,-0.19299559117249082,-0.3086624040205142,0.019046629375548275,-0.40902013859204833,-0.6741285906650788,0.04667621269007464,-0.6902473549051639,0.22569814469521204,-0.10801935242977119,0.3821013932953563,0.01901819397529261,0.5118936937602052,0.22534227848058275,1.088553687996521,0.19886762380596426,-0.4124632777902625,0.6678585308648941,-0.19621523162257262
2020-01-25,-0.3109382072413292,-0.008907568582152152,-0.5377972918937569,0.7571390047224943,-0.7651642998365928,-0.7931390504706145,-0.5463040624964645,0.15922703747992603,-0.7407977411652965,-0.22823015044497502,-0.37789818642451445,-0.3145854246100654,-1.0528953496779998,-0.3997777473024641,-1.0928943565092897,-0.9211756491692586,-0.6552453744322043,-0.5874207327532488,0.20977032526520228,-0.2620477422582034,0.33598922358575806,-0.6362976171004471,0.3914422482301384,-0.6054172671507192,0.7142071512674736,0.1631357907623116,-0.8238184421428976,-0.1976379309974053,-0.46055202459144456
2020-01-26,-0.30414829768525325,-0.007883708970018236,-0.4365153172153711,0.39321669672659104,-1.5917415499792014,-0.5232541364678225,-0.7835297166751982,-0.004522612335111828,-0.6886455453101351,-0.3511921781320414,-0.4099803539859546,-0.39292841752245206,-0.4235477090584573,-0.5432774844162062,-0.4078037530774932,-0.7941175717371127,-0.4474893139738533,-0.31029478862891974,-0.3396571833662041,-0.300426310320996,0.4886831950011583,-0.5076599482026847,0.32399265564699237,-0.8133098598158333,1.0895597199997475,0.2277436510384459,-0.5495148808517727,-0.385621227348679,-0.45396240998912296
2020-01-27,-0.35681122648503855,-0.10221239424864405,-0.2922643277473983,0.8725141110770002,-0.7744246376588483,-0.3244449161509561,-0.6799176840411675,0.2486675548549625,-0.3623204646881225,-0.036033657747368726,-0.12052798831559272,0.057715472463572295,-0.30201206956426235,0.47460162624974966,-0.46869122103834626,-0.5835872729028713,0.2222289869289974,-0.06581010777816065,0.5057280531025418,-0.30336166862019653,0.4197622234532532,-0.13273826511375503,0.13666905897653597,0.44370001235091583,0.24522416437719063,0.36265984534810514,-0.009115698068646098,0.3421302540836985,-0.1486776534714315
2020-01-28,0.09621880902873962,0.5058823296141989,-0.09075127501712132,1.1915664612005323,-0.9121974984090234,0.08881869563387192,-0.4131311342733055,0.6518220230833797,-0.1378936466517669,-0.15915311717993857,0.22038828213518902,0.24834359512367907,-0.10117753619692048,0.39870837382452545,-0.2688672612952006,-0.3755095615621745,0.4726221420499588,0.8831492801152849,0.5949623268843822,-0.15885427621667422,0.4676099884448637,0.3158066104812423,0.6666819935820837,-0.06740218362966087,1.4438304399541024,0.9090934321436285,0.2772920808105289,-0.603636601590411,0.0832758635946249
2020-01-29,0.035020282195293365,0.2830629446549894,-0.07343565923575891,0.9861729286978975,-0.9103743161589194,0.12577799549188323,0.07714991734509256,0.5525778484388977,-0.09308665551072182,0.20756248884104897,0.10256636659253711,-0.05855159628697629,-0.22093898972253392,0.23803568107296724,-0.36403768147944954,-0.33194339592252486,0.6542050508635999,0.10497622302488027,0.5854135262122588,-0.02504236174318094,0.5280807092689532,0.3226463846205287,0.36195866146828787,-0.07966767009376807,0.6390867844106645,0.27574984290040755,0.3293039571008563,0.2218427663785953,0.07116254175748954
2020-01-30,-0.5403825578361973,0.05240982400622811,-0.1803210412949031,0.7587373756414689,-0.8101919884185174,0.08150491296748258,-0.02930581648417805,0.6276934980761227,-0.1011195229568558,0.1198149331488545,0.15274229224770494,-0.04265975457050936,-0.01873907256701728,-0.08346370319681744,-0.4174920569717064,-0.2648558580008383,0.3241260367908982,-0.48187638210691625,0.20639179937585642,-0.04277975850331907,1.0441823519413391,0.6767009364414978,0.30224823340971113,0.9967709530527803,-0.44994077382447767,0.9728113157367151,-0.15144119190315136,0.015262025215770112,-0.02185308820110473
2020-01-31,-0.1831092257906964,0.04755958521361802,-0.008976782718829604,0.7151457032310481,-1.5365716984866518,0.16290110953867273,-0.2164410234729095,0.4574050551731639,-0.1125793862048935,0.037381436549311906,0.1223314793512153,0.0830020307854388,-0.49137602974911593,0.033836100122376186,-0.9668954484715278,-0.34721469933821475,0.47292539684195856,-0.05484970323974059,0.10280862088801805,-0.05871244928685266,1.042472286350379,0.1811516950610927,0.40237616455080705,0.04433226146546337,-0.7890945118586639,0.4422901025671636,-0.4156368195335582,0.21937334828996313,-0.1018044939662374
2020-02-01,-0.8676966913234351,-0.8659811583067855,-0.7066765839775254,0.6084963758213591,-1.7494255191656192,-0.740469473807398,-0.8301258271039083,0.03633115421773055,-0.6538935397218932,-0.6601112666048781,-0.3956706998302772,-0.2850645967688819,-0.8345436003754316,-0.697345519439258,-1.2583780536168463,-0.9884202082472185,-0.483724892570502,-0.35880284229880954,-0.3811000615526756,-0.5151060025955616,0.29742725632526457,-0.42041659957585303,-0.3966565868404427,0.7155634530324961,0.4968601111836004,0.8685198489061585,-0.9361167726228935,-0.46681468153169886,-0.6689823588718099
2020-02-02,-1.1606732734619072,-0.29559312055924847,-0.7725891300845605,0.1032088437676739,-2.7273895682742118,-0.748685023372291,-1.190443089907035,-0.1245136886615377,-0.6710761405890564,-0.48554223129792184,-0.5962781648542229,-0.4918083759460442,-0.9481003584964159,-0.6359390768232779,-1.058652817646724,-1.0189157769222807,-1.118802190101917,0.19663869513922758,-0.3229781599299591,-0.5233201105816238,0.5355222395471606,-1.0978185071988953,-1.4976096150058456,-0.8503594385168521,1.1583173226439518,0.31156881899475736,-1.3894453185937876,0.19056919224856275,-0.820105481366528
2020-02-03,-0.3884427211118431,0.04507537235098432,-0.0537736967548517,1.1362025919096062,-1.488509383360301,0.25618949815884784,0.11516841429488864,0.7805547632485447,0.0010250805676788582,0.179371611765747,0.3967576020617337,0.2743376857682745,-0.25437521479423514,-0.5329814888472691,-0.6491584511766488,-0.36713348851097355,0.5542166576726156,0.4870125320287523,0.2838416321960073,0.5317267199153763,1.2925144231019474,0.5784711619584461,0.07079891744130615,0.8362658956819315,0.9853838078434914,0.7706678181672019,-0.23326236807312598,-0.12167966540888327,0.00026616666134112143
2020-02-04,-0.20806897679736636,0.4804707046009015,0.07675704215302002,1.1898800509206575,-1.425569560657135,0.19221456841959844,-0.07346266735642863,0.7233440994206568,-0.061128203471600764,0.19814197937523162,0.3013461288089388,0.17250489438403108,-0.45616749442261023,-0.11364080660390427,-0.5038137057502148,-0.3792718143269633,0.45130856770770267,0.34601279706793575,0.5179730825835652,-0.14740526885379585,1.0396864500902818,0.37858934601227834,0.25870107350711236,1.1105463918913312,0.6214116098614556,1.5839064491642452,-0.5602034688390314,0.15342635422886755,0.03322616508261853
2020-02-05,-0.13878363361249116,0.15943823253388814,-0.10551094467717503,0.6692919128398792,-2.1983446563328215,0.03226561111646335,-0.5054650989141686,0.5104790470195562,0.09396864317138585,0.03582246382497877,0.25262870402211884,-0.08990818299884007,-0.31419228026835755,-0.09276022273811557,-0.3952104790396634,-0.31385956542522475,0.27094392151451374,0.17024093712623556,-0.14757060856614237,-0.19796938126016012,1.00803828308469,0.10990972776211248,0.8317934681983274,0.7832799180987912,0.3297501438887062,0.7631497668314369,-1.1060405327202871,1.1117918639440465,-0.12524685458612198
2020-02-06,-0.6716013528157138,0.1388541508149946,0.1701948380234235,0.9880496053538532,-1.2873202203652707,-0.023176858880972043,0.171670702320447,0.4877623086403264,0.12310751216942412,0.004104395227330122,0.17071748410944257,-0.24008478064418873,-0.33723426717300936,-0.031821633243016345,-0.31775496452725127,-0.3680443914460848,0.45049242104715803,0.2668549589580694,0.41192586757644933,-0.26869178896232726,0.7608613896650502,-0.09344115335077643,0.2559121420938583,-0.19374852635079123,0.2791982558101737,1.683736390890642,-0.8370475928456858,0.8787442758042289,-0.033652061846418085
2020-02-07,-0.5082496795530348,0.07593131154210085,-0.11320836672049056,0.850359143408901,-1.688377271231704,-0.3119241719270657,0.14125426418831885,0.445136823241376,0.07030867092724889,-0.04255708239581847,0.031956232277028616,0.03789740496756256,-0.31362720850693976,-0.14592762272461454,-0.44998652096166236,-0.24976803325493455,0.11498314737117543,-0.08752406483960071,0.1510256544848804,-0.07289444726334388,0.5351010783405047,0.27885270090734826,0.22468785644657202,0.410112243365385,1.1241127894087652,0.5957263663021222,-0.4566449825789564,0.8587959234583058,-0.12092935055015017
2020-02-08,-1.1554106822183168,-0.3039102946269954,-0.8778196207193658,0.13519702851798604,-3.024649748598353,-0.5767337735367144,-0.5849241341878593,-0.07636338306094016,-0.6611017940827136,-0.5575397791249842,-0.6939236076712839,-0.8098639310117071,-0.9595554540894305,-0.953814794197281,-1.1585180303045584,-1.169595403727237,-0.41110805091955016,-0.5037971630559391,-0.6195198930823322,-0.20208029390407986,-0.028792409074094798,-0.04690255581391794,0.042200946229398156,-0.52564538542302,-0.5281018326610615,0.48452812351602376,-1.8810314219834012,-0.9508123562692186,-0.8140962031505473
2020-02-09,-0.9435561012345115,-0.3514820884505612,-0.7654895192273004,0.26439189592371753,-1.357158380275227,-0.8656596319808193,-0.7933491712855537,0.08742517453891978,-0.5958058784608461,-0.40099334929241354,-0.46843414029544783,-0.7718573979880066,-0.9331748690218361,-0.931382917602142,-0.9919273581294836,-0.7789917242034597,-0.6629563665226855,-0.5442006105559375,-0.25970604047892537,-0.5812018801548887,0.27423612678702064,-0.34634810810262345,0.0790725325823415,0.4085074138036413,0.39764318084514383,0.28353219525789247,-1.486008200158398,0.016586154360286987,-0.6623765778533914
2020-02-10,-0.30405285195042536,-0.13841241870243134,-0.4511304953953316,0.7203010865154772,-1.3378684391715114,-0.329704185780781,-0.43972318444383174,0.38715653953463053,-0.5259119150345721,-0.17587343039986436,-0.06168710770658237,-0.5707420896738992,-0.626649798064444,-0.8746359203424784,-0.6824316233865365,-0.7691757679099328,-0.29992289792222937,-0.02432903817368846,0.3581464531015939,-0.5481728345657481,0.33200433483898706,0.29120231865691715,0.9135626454981114,0.40583783541733454,0.3604059714204597,-0.2535899584775666,-0.7432308964234011,0.3089840483509845,-0.3812037941079261
2020-02-11,-0.5994337571180441,-0.23096160555014308,-0.0711331475685171,0.9313116382854897,-0.9945813884033872,-0.3891289825730039,-0.2932789291189412,0.49787826689098796,-0.1617918975222951,-0.033556503823561554,0.19916356057822954,0.06348987932751735,-0.4851836205607249,-0.7757334984052131,-0.7492751842954869,-0.3449163876529612,0.2942827305928657,0.4378018837747138,-0.0263233807381457,-0.5000146961869985,0.6965240104406744,0.41185957961695496,1.0949594380830798,1.171532327551649,1.1049880096169298,0.8511215381202706,-0.8734230415210634,0.10671918278602899,-0.18487346040689348
2020-02-12,-0.43027440544494705,0.10314321668460201,-0.10756986241920014,1.0389051685174964,-1.0554429960590659,-0.28066774231846364,-0.1883159617263348,0.45885250740003136,-0.3179694373941625,0.05007114703796057,0.03747681298512306,-0.432620273691949,-0.05039958476234541,-0.5719469615226233,-0.3283817114322828,-0.5026446963541615,0.11555646520657686,0.42783626141941694,0.2315601158274259,-0.1988940443816243,0.36423265321200843,0.8292945249025793,-0.3946039929819815,0.5506027369149977,0.34044373669070527,-0.01629980024050319,-0.29108470158083,-0.3862992870413215,-0.1448369597231615
2020-02-13,-0.22788921869477707,0.07770899268585062,-0.02624279350080657,0.8557606633565157,-1.24182298429449,-0.054804109175207304,-0.12137507761418914,0.5809475222380743,0.007304263346161868,0.07613237409102784,0.28055014442011716,-0.17774602232770575,-0.29382953976444315,-0.5049271196542959,-0.3132843222000878,-0.3639856576331177,0.2957408829127267,0.3846770906041801,0.3055394071689957,-0.15711354339573527,0.31720982023360283,0.716237404384327,0.16117937633432863,0.9547183291742769,0.33179871365706715,1.3891963233040463,-0.33271345907115996,0.4161515692461989,-0.0677507059887439
2020-02-14,-0.44405499682504534,-0.10156756706745958,-0.15558773243478854,0.4234739894688489,-1.3554899123224737,-0.28103790293779135,-0.16777504187936892,0.43803105183998065,0.0504641812041855,0.04891940080023627,0.08154028744082853,-0.20117889827331378,-0.08975119718559749,-0.1751904747024432,-0.13718410329786704,-0.45815331659291575,0.02837368873585563,0.16064363153869526,-0.01493522239756587,0.020055587109499735,0.2967603836992224,0.44435299430743735,-0.04440737388074021,0.7299237237452728,0.6138827880868506,1.2614499694902321,-0.1321404549660731,0.026746500545868458,-0.14683344376641938
2020-02-15,-1.026080688855726,-0.6014955950139995,-0.6304014162446651,0.3403391182435555,-1.4185303482538056,-0.4491458615452402,-0.5062559374442664,0.028988430044973233,-0.4031070076176585,-0.4279819982664366,-0.47763958798688944,-0.5537693688789762,-0.7056303679679738,-0.5494581146640884,-0.53898111262321,-0.9799155200866093,-0.8829500594522932,-1.1766919945510106,-0.07290462921369312,-0.45155862665134006,-0.07068136327163642,-0.1558256395406276,-0.09469698911907001,0.10062185432800136,0.040357878753728406,1.213989154256062,0.066594548986772,-0.37170783400482066,-0.5754126727419593
2020-02-16,-0.8642935465877937,-0.419048244687117,-0.5268483436299815,0.2505239060248841,-1.2981123619033756,0.09901870335699511,-0.12549667194241984,0.29142784014510215,-0.5454860665643163,-0.35996897017686874,-0.47173178455689035,-0.5098868341871136,-0.3369747166704968,-0.6760241588245818,-0.43475657412811447,-0.8408189892327173,-0.08439381218633857,-0.19409301077075544,-0.10017885846309943,-0.6232871375762057,-0.12186017839396035,0.03757398822923398,-0.0260834614742575,0.12278026341175904,-0.21543779940390315,0.6127789470627732,0.4401456311025979,-0.07722298395879629,-0.40311003680889085
2020-02-17,-0.8276523073419398,-0.2664271079888282,-0.1006053523908226,0.7117060115385935,-1.2998931986029247,0.028298682802511795,-0.020680093019100915,0.2874344005615353,-0.2635545152866192,-0.3338652085191496,-0.14880550730109993,-0.42209302253664643,-0.6546569316121372,-1.2269160374891712,-0.6659687927505478,-0.7412634789822751,-0.23624643437194356,-0.5173699150775688,-0.061034326589604844,-0.09302998641963228,0.6411245077007997,0.27362469531881417,0.6252354141231881,0.37612576079737187,-0.09980196530686976,1.1481375773202152,-0.19926031534639305,0.04073924111467216,-0.36359934666415095
2020-02-18,-0.4037209662256971,-0.21080551169050105,-0.015709872942677006,0.7750580299078569,-1.9014587795752649,-0.3285794514748416,-0.08917911888428572,0.4898499391874625,-0.1953099108299313,-0.0736600831611246,0.13573741267517705,-0.14501413551891182,-0.4469908420322664,-0.35282084497590677,-0.5858431681809709,-0.3830085830656134,-0.007114543934551018,0.656375402154726,-0.3239211761894939,0.14214844468278598,0.3522277832251768,0.8802430935917653,0.07166338733029282,0.059621613942779206,0.6828637769842558,0.9032477663637861,-0.2984904338995468,0.32187368973316793,-0.21991590768953218
2020-02-19,-0.3372700675888674,0.4739765452312558,-0.07657211238635177,1.2207610670911628,-1.1962201572402003,-0.34177467917006105,-0.34803617911290324,0.5700685173707352,0.21272383217235524,0.03642272924116628,0.20839476506590646,-0.11763621802173588,-0.4101869744851918,-0.239926973937633,-0.47907665348542694,-0.35184184007089914,0.1955643324214568,0.08503325685581928,0.63354762816077,-0.049107614708935585,0.7236367076618029,0.869565102043061,0.3248457046901026,0.46270104955241054,0.7045724730509894,0.7751233763242287,-0.43424829971268214,0.3121668736332289,-0.057684121582660695
2020-02-20,-0.4363316849320987,-0.16549563429647923,-0.1283899587907447,1.052549743979225,-1.8476077557010633,-0.17920249505667113,0.25114213770879457,0.6984775892841918,-0.07591058015137031,0.03632588299004736,0.061761026195282356,0.006752638582897055,-0.10281632023359641,-0.041074008519507405,-0.1639452649479119,-0.4003426794303586,0.06101988747092278,0.3593085337594431,0.20045144887206473,0.13410208705284385,0.29366626669739554,0.2680451901175387,0.5469370604632727,0.788605523719058,-0.3953992744306862,1.6400949681185994,-0.43312392449685017,0.07730287296527873,-0.08076985152049651
2020-02-21,-0.13369365176935008,0.046232293040316653,-0.23862989315517172,0.76474351806831,-1.4396358323034928,-0.08911213179372328,-0.17086388606542613,0.44083163950382925,-0.12701287174206927,0.037045213934510636,-0.00559631473247449,-0.10644658452292143,-0.1317748166378109,-0.2691925543527617,-0.31883408653045947,-0.44054171224617916,-0.01977246963190688,-0.22558542391929484,0.3050318677624545,-0.2758105053134455,0.7315008973960115,0.16628422039417698,0.5493007688711495,0.3684844279462799,0.23017192370049325,1.3545299771659889,-0.1812991408478542,-0.2971530952381904,-0.12954436123157534
2020-02-22,-0.1266556455808755,-0.169005881791806,-0.384432174919193,0.9029897977356123,-0.937904510873119,-0.2171733427425814,-0.2953231924201793,0.2955075029298113,-0.32705836500015184,0.04051049252106669,-0.12841121539443928,-0.04078753399958017,-0.21751792253494687,-0.47672953684815117,-0.3004955639166956,-0.6270425648086608,-0.30559691746038425,0.37486137475043313,0.317743760247292,-0.3725471681407583,0.07701590999106567,-0.07702714328225437,-0.3252600385986546,0.9303399001115396,0.2939978435670995,0.020047161640349614,0.21200094313924947,-0.09218469881044387,-0.19500744559436903
2020-02-23,-0.33137850511760986,-0.14947857923773142,-0.2826802933471494,0.5512897505785025,-1.1551381955241586,-0.5855757445441192,-0.08806653982400116,0.40582301479545774,-0.19474679000092732,-0.013056633217313722,-0.21308302019534664,-0.3770105807814104,-0.4751173970778981,-0.48603645248545924,-0.3938645489492127,-0.4399713732341576,0.32534346775390116,0.36884289715852514,0.08894968613203152,-0.46504949366202886,-0.012728705099288288,0.559121919284166,-0.033224065934185795,0.30982437044166833,0.8456314454071551,-0.04527962597662835,-0.24849406324530826,0.07198902991635062,-0.2295734364946255
2020-02-24,-0.5994613848352479,-0.34834924091882435,-0.34199394858805754,0.91310355684018,-1.1115137146777374,-0.11577141772632155,-0.5608006328680788,0.49696062750497527,-0.20085393664646362,0.003859159004125594,-0.08876651839502708,-0.15030104542936581,-0.4415081859095855,-0.5911614568390018,-0.3179449455630552,-0.2980144686228781,-0.17951478621218275,-0.2070767804540626,0.5890233506464478,0.016395157668101054,0.38351077164911573,0.1519664685531827,0.2638866769134532,0.29577385985983556,0.47570047248184144,2.52534088798484,-0.7947927662827122,-0.49070706705109207,-0.23129601999309093
2020-02-25,-0.2959791252853398,0.17196355132122032,-0.3693996119229851,0.9947250805185619,-0.9739688805185168,-0.012402893902827368,-0.2692198746392186,0.24424654463446838,-0.019949304545713645,-0.2920111812865182,0.030281449304869038,-0.16593835333552207,-0.3223179237443202,-0.321703710944805,-0.44769598182111425,-0.34517722061430045,0.18250212841518224,-0.4236769928074884,0.20099269351631383,-0.17936241100525335,0.43909591654035085,0.5376144978543755,0.991893671640061,0.22200520822405506,0.21516149348802918,0.14667248210144473,-0.33764229066709234,0.6355552619842982,-0.13012031225687523
2020-02-26,-0.49860742426160626,-0.30487039466407967,-0.3432536290086997,0.7312159950521758,-1.2981820111209816,-0.1790880373902124,-0.3616500870793279,0.28285152895979815,-0.22938199115005478,-0.08048782568343871,-0.04242745861129161,-0.3666093492226194,-0.21182528971384723,-0.6755539891894067,-0.394568765713024,-0.5521827387753542,0.31982834074112637,-0.1138340665665538,0.37628181320975057,0.13738745707836325,0.454267735025443,0.09792819560821542,0.006767776143534675,-0.11889540300113362,0.9897702166798771,0.6455371563410325,-1.0305587533370628,0.5713031549133876,-0.24734077216652023
2020-02-27,-0.4562133460220099,-0.1792716718648241,-0.38235811436932005,0.7217397628599899,-1.1945570726546704,0.07105786097182197,-0.5297385482521998,0.2766153636859053,-0.15768569381007097,-0.202699029438988,-0.03795759818435971,-0.2583121033816553,-0.2648597772136075,-0.4404049951783842,-0.3430351501147251,-0.3945010204379707,0.13533875460215417,-0.1525160786782557,-0.3724613313957075,-0.6884816829202802,0.4200184256741177,0.4252207437567015,-0.06686891235574127,0.6235560582405942,1.0523061111451446,0.9748466032312774,-0.3046957331177871,0.5792868357458477,-0.21393190463546558
2020-02-28,-0.9870204009971978,-0.48696122659461877,-0.924119559590839,0.10579245480049364,-1.2340067649462862,-0.49317328028177443,-0.6631861681446761,-0.04958227403858743,-0.4638404252642048,-0.33413957760274654,-0.5173684038082422,-0.6301289854412325,-0.38913913961509133,-0.6758432353679423,-0.45632853875576146,-0.7249846253905524,0.14670316933685937,-0.8173452550284054,-0.42624323735447095,-0.38683934858262214,0.42383846849458556,-0.9516846533506149,0.007617850471564935,0.6046003318623727,-0.5431679241514277,0.9654586763942533,-0.13851438085341425,0.18247782320130332,-0.5163133518648471
2020-02-29,-0.9227838270514125,-0.28602648026958616,-1.1314989301372138,-0.2759289652236973,-1.6646602075975372,-1.4145866928620998,-1.2919480351282584,-0.4032157259298029,-0.9432076710094588,-0.5599028645070157,-0.9730498295350875,-1.2491981727822898,-1.0286486810507887,-0.7189798211334185,-1.0228905495847158,-1.1304729805098217,-0.8342693461762538,-1.028989945301691,-0.2002222608633943,-0.5243029080555817,-0.5316022102237258,-0.7771470631712208,-0.8993497260257041,-0.436556156831234,0.6152157659740487,0.17905132875570803,-1.281363681695836,-0.6232673743464175,-0.9324275753228506
2020-03-01,-1.1023437554236153,-0.8009657396988393,-0.604027249349498,0.11384390333471874,-0.7900679100319865,-1.045463000367688,-1.5691460269663138,-0.04717378010862304,-0.5954532023963223,-0.3758039281068622,-0.4301294925596054,-0.9065945627684054,-1.1929394123297739,-1.0908179292792448,-1.0302871305887862,-0.8487025256055591,-0.4582827918463085,-0.5807403570989585,-0.5969960796631364,-0.27682635764998526,0.03321220893086814,-0.16996257522415456,0.278796453535799,-0.23484254853203615,1.357544441025892,0.40017525749127625,-1.0784790717018942,0.20788708047284518,-0.7514326196525125
2020-03-02,-0.5629568796434112,-0.2150479420169631,-0.4766021730289517,0.7327443328585637,-0.6422651397260686,-1.0392008088313127,-0.6861432405067737,0.19011617327276703,-0.38634259297615353,-0.15680042736890562,-0.15097596199002897,-0.37626921125104207,-0.6092915153856656,-0.23705537767286608,-0.47417673924479975,-0.5582254350567638,-0.3945259088461386,-0.4719915174391825,-0.08295389082413204,-0.3264012475418826,0.7357038875434275,0.379086298228634,-0.3566452442199231,0.26668628846622083,0.055912582959273746,0.1820851380301597,-0.5978184856407003,-0.07910759314274685,-0.35547169690673613
2020-03-03,-0.6523783580301561,-0.24930138385017306,-0.26704071414573727,0.6298593055077707,-1.040516345729835,-0.347039061981742,-0.2929337308062285,0.28514540494983287,-0.25877570965552243,-0.132718794292166,-0.045408973690823196,-0.5595868403650854,-1.0104452082551574,-0.2738185989719207,-0.8992833369931097,-0.5779822142775035,0.2804487062997958,-0.22807354968334997,0.47434512084960145,-0.40851821187960435,0.483719130184751,-0.09041075877585468,-0.1699062978360757,0.9376472487949974,0.6707305209705027,0.2850273387369922,-1.5923421281654346,0.6633839571900236,-0.31833975613457416
2020-03-04,-0.4250569734097684,-0.2494531094014693,-0.373959446480084,0.8816732081392551,-1.6402356673034866,-0.2268913263816749,-0.028177398915304065,0.200421175625399,-0.3536331655133376,-0.1878942896990365,-0.05686799939029112,-0.6100700167555241,-0.40573143056487965,-0.36415759264421915,-0.46835775339974695,-0.5090754508467883,0.2681163198861723,-0.2877779313702688,0.41047736858058426,0.06258659812223981,0.33992227456862306,-0.37527702555156284,0.21529647712839345,-0.11795660232580708,0.6963150447396745,0.03899317755483797,-0.05973814503925361,0.014868006567473578,-0.2676088774738108
2020-03-05,-0.4475469067826233,0.11947016479318774,-0.4892039843944518,0.5840284050144351,-1.2779001929241738,-0.28467777652907655,-0.18508425276007254,0.2279821716077511,-0.029074057282866467,-0.517981948228877,-0.13105192112387581,-0.42269728325848865,-0.5979821074677112,-0.25313237996165067,-0.7790707452235572,-0.4594715958814981,0.14434023402589258,-0.6358658876885184,0.33590692429597907,-0.2180595992526599,0.5773417217080935,-0.6740152437561339,0.5085093068897452,0.35030036836339623,0.07767929578732827,0.31909645502963935,-0.5471173478279195,0.6298298593506483,-0.2822973044928033
2020-03-06,-0.7241281504472776,-0.18025346020835312,-0.4747544987237113,0.44902124339836225,-0.79307824783627,-0.8076470145270537,-0.6075456593741492,-0.044550743499394585,-0.47424750119439535,-0.300180031605793,-0.19537156249442192,-0.761646403718793,-0.6334024731792465,-1.0888758675825345,-0.7211798494476654,-0.5421045837268991,0.2197503901088322,-0.6222815004816659,-0.03620711605196498,-0.1601924415740075,0.44969761605882647,-0.2975243552686218,0.1168521690724718,0.122396771197183,0.522087983475497,0.9557241438882595,-0.9612072310303761,0.08674333884254902,-0.4517761420034567
2020-03-07,-0.757365828420967,-0.4069504570580789,-0.5159364470081215,0.08846894291718264,-1.2407806733363473,-1.4334553396360075,-0.7322453234445984,-0.004529060828958663,-0.3396999736294273,-0.4581304023704597,-0.26890006726026144,-0.9514025950485467,-0.6707529687622996,-1.2190749677191135,-0.6837505015448486,-0.5417870892206659,-0.5245237382622521,-0.4081451175264419,0.1094068785599235,-0.13419585320555982,0.1940232054696541,0.02630406912804266,0.13741431888001904,0.6578186621664256,-0.4165513644611793,0.5566145244883592,-1.150630874364409,-0.5668916033677572,-0.6271068523902218
2020-03-08,-0.8249914061631419,-0.622642763491595,-0.6047430508819122,0.020516282540817832,-0.39561475007179076,-1.1131261247567734,-0.8494948802880734,0.057190654390148844,-0.6779048549516484,-0.3241995740776042,-0.4884403137552138,-0.9213514906825582,-0.7607824506799141,-1.1873526462725268,-0.7370475803740475,-0.7721961469866154,-0.9391368626387906,0.10333316854956269,-0.8432483215588407,-0.3650407541690864,0.42784991937953165,0.23496431154814923,0.08609435604828929,-0.4339104207718517,-0.9293753337325625,0.3275675252231857,-0.8257733054985416,-0.3613760969385416,-0.655371644655367
2020-03-09,-1.3207859733832072,-0.6015901870710063,-0.8398528287718664,0.2496052142197304,-0.6714031615075152,-0.8396841794292632,-1.6624656959252273,-0.30141698544785345,-0.7374993035324737,-0.6909228473948249,-0.41195746828006025,-1.016067994015195,-1.1256018096696925,-1.5320683276680491,-1.0834998333240524,-0.9113351974657439,-0.8343658776957582,-0.6092012082110573,-0.3831982747534316,-0.5047363656496936,0.7414749955196492,-0.7253723910132172,-0.5261652763177981,0.4141503440026501,0.6773284523159797,-0.1453425698618437,-2.5298730359779293,0.0322212413398565,-0.8429948503742388
2020-03-10,-1.063986737375445,-0.16700729895714556,-0.47060632412384257,0.6236521575695219,-1.1775578890130074,-1.0750935867470492,-1.4238163693485075,0.03249576155970499,-0.3989926195421418,-0.07734278199022575,-0.14161238183346225,-0.924077960767457,-1.1250968231120253,-0.9637315925683515,-1.1224526512398487,-0.5806263362463358,-0.11742126522356976,-0.29734014376178214,0.16405480277192902,-0.06616250041698132,0.6471148421195297,-0.9022258003705315,0.48544158720464103,0.3969842897907421,0.5458603929063575,-2.044648925278756,-2.076226669211746,0.647562950514385,-0.5984279234681875
2020-03-11,-1.0419443751763267,-0.5515425751041625,-0.5525370399133188,0.1985745672734531,-1.6450252446690596,-0.875645499408398,-0.8394644378997972,-0.07077107589049772,-0.5158780641919308,-0.535427927419572,-0.28172203522792316,-1.1865561729279426,-1.1288958900490038,-1.062436667363191,-1.117810470081134,-0.8639235354863927,-0.8219798580904961,-0.3763269172806524,-0.31899413153195033,-0.5616094651021633,0.12491298118068794,-0.4365279441990095,-0.32955388697598736,0.7990745900635117,1.0592056311016758,0.7734605883436014,-1.9088173166439724,-0.3233866413897389,-0.7584109589191582
2020-03-12,-1.1853398736222533,-0.5259780495984956,-0.6265805888070909,0.2995745765834233,-2.0349776803595088,-0.5030886393653902,-1.2104851379592068,-0.25977830770327287,-0.6569721289503839,-0.44228006397939745,-0.2770861035111584,-1.2621319260157737,-0.9985098622119215,-0.91535215666325,-1.0621236076952045,-0.6558977241397846,-0.5625857767979849,0.11502760070620341,-0.1309907401573183,-0.4346438584801711,0.3333604339092481,-0.8680215472831293,0.31071420293011753,0.1936925032864753,1.2126778955772173,-0.16802332647572837,-2.0037738352127157,-0.26172668724140175,-0.7576231206350972
2020-03-13,-0.9462190916184127,-0.5436111333369721,-0.764981971108059,0.3993275575480844,-2.0480206761351223,-0.7340861681860247,-0.942051062554176,-0.15758725640357707,-0.5994042677517227,-0.607692148479235,-0.49153084190439056,-0.911916510137712,-0.9054983379708419,-1.1647164727630086,-0.8644808194367447,-0.8118751513847635,-0.3602205388996155,-0.6016665960131511,0.29360521600050893,-0.25609182265408525,0.4705790970890788,-0.794089154395643,-0.2171850389696626,-0.1906664277055658,0.437868665307332,0.3366734406742382,-2.022386412895999,-0.38074617757917545,-0.7326214641483701
2020-03-14,-1.2552188387125647,-0.7856716209951962,-1.222465704772576,-0.45045335552462973,-2.584347319476735,-1.4306496024196476,-1.6022806824328015,-0.7439367772437395,-1.4292441905407327,-1.0609681407190805,-0.9785462173010103,-1.2100270039749597,-1.4483905557255017,-1.4071125644320521,-1.26192320752863,-1.2747340856170977,-0.8804783269988145,-0.8238670179620777,-0.10211228675418825,-0.5000600937906752,-0.5631334114017419,-0.23165085348106804,-1.0856456680440545,-1.6285818686529843,-0.8708420785028448,-0.4878585377052363,-3.1143304569507473,-0.7549534418546626,-1.2368498937891628
2020-03-15,-1.3069799752219202,-0.8704340546588095,-1.2814919253127575,-0.7684580557913702,-1.7728829377356172,-1.5885593147954324,-1.7685526055087772,-0.8291950799414918,-1.1839260714644775,-1.005821148113923,-1.0577198340748606,-1.3627654701197032,-1.82706335405393,-1.6660448813789785,-1.7751499554640657,-1.3738315223068671,-1.1708024393337615,-1.2609914410939833,-0.23130115061555173,-0.7286120137531108,-0.4153734683204077,-1.2792830627680654,-0.8825711611912366,-0.023693583765473116,-0.43927087946658505,0.38707912275627343,-1.9978362230823206,-0.9848205501912219,-1.3299810956045146
2020-03-16,-1.4622787737680008,-1.258098589480596,-0.9161590846214525,-0.07089196570461166,-2.0035107008134387,-1.3489339954152504,-1.349429786283833,-0.4397092109419623,-0.834915975211119,-0.9700632396726454,-0.6192906411309428,-1.0632095235705992,-1.3644097764180436,-0.9358874866982924,-1.2502965111677165,-0.9818391165493591,-0.5252724714540092,0.23959166493622208,0.6100044315212865,-1.2248489541225065,0.16262584603749927,-1.185442724451206,-0.040770988368994565,-1.4992836634880937,0.0713481937540576,0.04486290919408551,-1.8711126239276952,-0.572130354177317,-1.0231880499354045
2020-03-17,-1.1786822478387677,-0.8095349306318923,-0.5426134147035775,-0.09893862463558192,-1.626640523218098,-0.9056824761795348,-0.8796900947892544,-0.1418388693968076,-0.6996022082845975,-0.8385910780257471,-0.32657973840745785,-0.9351059272734347,-1.2460026820174221,-0.8208303953281211,-1.2479961549298508,-0.5744739428730126,-0.7173309097714415,-0.3101341764076359,0.3186062902123987,-0.7956249727916763,0.41301100262276763,-0.5672328944878456,-0.4203549954671676,-0.5183724715434458,0.5742985713418732,-0.3618472654694532,-1.1652637830824752,0.07367074525890838,-0.7994196599002706
2020-03-18,-1.5572821555555392,-1.0462206276576644,-0.7242156004880912,-0.16048750332960843,-2.5203165419570084,-1.1187482253005292,-1.0195568135740591,-0.49612518543991135,-0.9228065237674598,-0.8560567318895403,-0.6251967270416251,-1.2716585270540712,-1.5811560431267289,-1.3185534666722611,-1.4917098419219115,-0.9876641114017789,-0.5224614191739488,-0.17541820001027428,-0.5135377552038818,-0.7221360966651315,-0.004061375821750386,-1.3066483937113331,-0.24746940852203111,-0.28267638625809505,-1.1386206690176175,0.539357450284306,-1.6017874326329706,-0.8145819253894551,-1.0717774144324552
2020-03-19,-1.2478079613301591,-0.9797573650866505,-0.5399458546679502,-0.10887840611626341,-2.2565103832018507,-1.0516185574452424,-1.09021127960848,-0.2759095031846765,-0.6795974723099297,-0.8045055868006725,-0.34669688417149885,-0.9727299322911329,-1.3442139677242673,-0.6951022324009904,-1.3774274390792127,-0.7992346297897042,-0.8213917801092678,0.1563575140346619,-0.04614276689071389,-0.8190815518135526,0.53186232614384,-0.550392506749668,-0.8305216582078213,0.2578305787215302,-0.4431605512573005,0.005688060602029984,-1.5332041913866978,-0.41174169497525653,-0.9053846609010557
2020-03-20,-1.4947356740396565,-1.015259985662196,-0.8676424750569925,-0.5063118629930075,-1.880203437349746,-1.1631771118875034,-1.5728799349154627,-0.6504456734696035,-1.3672341278551585,-1.0286134385307601,-0.8116584613383172,-1.197956009451429,-1.464661299406998,-1.2926632848917778,-1.6136290834548912,-1.1188160115685208,-0.9101160447749207,-0.11584237172549354,-0.1038005786225624,-0.9174043302128897,-0.27745093737685494,-0.7884119231873258,-0.6874990674734923,-0.5238987063391636,-1.1008597163328617,-0.5421785527615353,-2.041462641346144,-0.5809422825604207,-1.1738825833321729
2020-03-21,-1.4449352040845804,-0.8547809333211971,-0.9906489822473109,-0.24874863605794953,-1.9622355373004792,-0.8262756697875515,-1.5670345513000572,-0.6292950800388727,-0.9791585425811263,-1.0174263932811316,-0.7228018124910569,-1.4010402265990904,-1.3203343398718286,-0.6540355075015128,-1.4708055829877396,-1.1950568930543668,-0.6442704933911276,-0.19279197356945124,-0.2813259620974205,-0.7572205278573666,-0.49787165911074993,-1.1254572380700825,-0.8732192695836721,-0.3057930988988351,-0.23868055478905914,0.06266318169959488,-2.437934930907319,-0.7515572441645123,-1.05464025799394
2020-03-22,-1.7791814081815902,-1.5484116813170876,-1.031013417356575,-0.8680857662392154,-2.2211970089369193,-1.0830939121624064,-1.3876391525864604,-0.9866234826644761,-1.072744442397078,-1.2194182939190912,-1.1094966755373523,-1.1396575970128364,-1.9362613270615676,-1.2940067590983033,-1.979110264996307,-1.3321126098654117,-1.3455226900600195,-0.6272348332957978,-0.37811197442455247,-1.3657112590087896,-0.6549407772271753,-1.0963116225846834,-0.8238195369663853,-1.3211493196452566,-1.617830308840029,-1.4265922409518843,-2.6604267280825606,-1.094204868990579,-1.3725633229054526
2020-03-23,-0.870400611005201,-0.6223570406159374,-0.5646163757174523,-0.07097400489847795,-1.9916225934033887,-1.0627161587751996,-1.152341689403262,-0.19569667132456398,-0.6065597738053369,-0.6387416401147581,-0.4851182420736218,-0.9910101134850675,-0.9825880163622555,-1.2806831057549906,-1.0700697748184624,-0.7847831297111666,-0.5997824854908717,-0.7139369304425408,-0.5103735667164574,-0.4059794814468071,0.2586667187170368,-0.24567954531301694,-0.3368640041295116,-1.1156389324764162,-0.2314162482940073,0.15435617732928916,-1.7452451435068081,-0.5505254289529553,-0.8217683192211772
2020-03-24,-0.8704394710723495,-0.747948067952863,-0.6395930556444409,-0.209883700763954,-1.5987287649341082,-0.42870992646995437,-0.7306866233589646,-0.4115680748504772,-0.7052799994435727,-0.4085323397991215,-0.49739326635750286,-0.8460490324208955,-0.8242516393627568,-0.8063518549541709,-0.8523627061122035,-0.7509748931250531,-0.517263689207077,-0.4444689060314368,-0.3886678940191582,-0.5223073408440452,0.1723000082019944,-0.5151799662902686,-0.19252741310857416,0.01908256875466734,-0.3512015755792786,-0.6450295930508542,-1.7770830477129986,-1.080332779538592,-0.6968245356370273
2020-03-25,-0.9566734505634065,-0.7346843230802865,-0.5137091326635763,-0.18123322257312077,-1.8879894382939608,-0.7784563721626382,-0.6980664821527117,-0.25669915002900506,-0.6943342655803133,-0.6137607387572542,-0.39877768230618205,-0.827170835423263,-0.854368656474139,-0.8001753090360765,-0.8133492087497458,-0.8433883537102262,-0.5644055848479911,-0.03972491438666637,-0.17172989027136645,-0.6453519508840331,0.3138149375499888,-0.7207060196124959,-0.4660922319838873,-0.07588949764405117,0.37953757109038205,0.1706513160862755,-1.7081890595803688,-0.6388276085367374,-0.7304260121414057
2020-03-26,-0.7897790896923979,-0.20374483925357958,-0.7742146868197005,-0.0683691122988236,-2.0550432718708924,-0.6467157721587671,-1.0096780228950635,-0.33343752676057115,-1.0127521345631618,-0.9144033838272703,-0.5924023464186317,-0.954271090746247,-0.859732558609665,-0.9930901498806866,-0.8980752574066033,-1.0012758944609457,-0.8069222791587953,-0.331355057909965,-0.4894207796588358,-0.7017982020416496,0.009237706280200975,-0.5008178258127876,-0.3157159456869411,0.3139342464479112,-0.5884520599478559,-0.9595317969508317,-1.8757524302199,-0.717605779159676,-0.8184651421659883
2020-03-27,-1.1367901122692718,-0.6057558818957862,-0.6536096167188449,-0.09497944499469176,-1.3463579796946359,-0.6333043946961353,-0.9618624292649092,-0.35266925807174143,-0.8122027837536986,-0.6526716077809039,-0.5261139821144157,-0.8388275827269908,-1.0216436381573792,-1.0542863762521986,-1.0334982581382888,-0.8675081002441642,-0.1806918843306175,-0.34781310070476584,-0.5370533326218581,-0.31829438668486537,0.042876852121185666,-0.7105037123345604,-0.44048347398434023,0.37502501407348426,0.29537370155487697,-0.7440933297224305,-1.8317653664181697,-0.296275627782003,-0.7513396077120396
2020-03-28,-1.2622244677503358,-0.9493006673793457,-0.8964027108574562,-0.6087340066359808,-1.9966138338517343,-1.102973203765958,-1.1889434127490033,-0.5419127556887213,-1.299383053106569,-1.0508716073534408,-0.7982089924679687,-1.2526482825883973,-1.6660312827808832,-1.246196328860105,-1.5945855053551696,-1.1387414634179558,-1.0853505806222778,-0.41837411300951616,-0.5188402724231956,-0.8304017666213388,-0.05006976940604638,-1.0040109748373898,-1.0588573002348431,0.20730605136824423,0.8884709633080163,-0.011200083934890038,-2.2382581521141045,-0.6771776891407498,-1.1575954208959591
2020-03-29,-1.4794499232228824,-1.0866750904956013,-0.865085310226427,-0.7122920006308052,-2.632251973103942,-1.1925684745347345,-1.5309337225782222,-0.6163223400146322,-1.1302083887423608,-1.1575042819570442,-0.8505451851289851,-1.2662523415819633,-1.474106081838486,-1.382008792735735,-1.4227230380198321,-1.2464780757276004,-1.109976724784032,-1.0722500786796216,-1.5007240310306575,-1.0106459777769405,-0.0904494424236641,-0.9620922412341433,-1.057100368502393,0.3330828078791657,0.3892824419989488,0.3134881229416697,-1.8038494172976665,-0.403879477971915,-1.2444342203131344
2020-03-30,-1.2160694512784596,-0.651453131667712,-0.5131130660884904,-0.20451927094108358,-1.6264165432574278,-0.3149950403527661,-0.5457611553094788,-0.33566687146988816,-0.9545244932461369,-0.6955886324657007,-0.4561644798278485,-1.183058470713895,-0.80046138158571,-0.7465813423427169,-0.8365450069410821,-0.8480506264570711,-0.5603882820084212,-0.6240960175382829,-0.8502117514893133,-0.6635081932043243,0.22732532355530632,-0.30069335715186885,-0.0022342985902229157,0.4259599119170891,0.7662382781551993,-0.36175439854271013,-1.6957544717013215,0.3063488987815853,-0.7346680732914052
2020-03-31,-1.0487290698704852,-0.3105065984689921,-0.42879871568093103,0.07670772134434917,-1.6072041659432679,-0.2746936728638013,-0.7871118282621342,-0.2667977791032369,-0.6459111176336678,-0.4526890619739752,-0.35080911579513463,-0.7472826219230179,-0.5848111495372871,-0.7880149526407956,-0.6007121968536651,-0.6489697349366792,-0.25151797964659406,-1.0546022245217233,0.11017977912030553,-0.47412662475255307,0.5786851833110361,-0.11234609069464485,0.17303549699072704,0.11303540924963867,0.5526728644112824,-0.4661074166689178,-1.409597073300315,-0.3679051361625749,-0.5716383552817245
2020-04-01,-0.9632455783430056,-0.434361071899095,-0.5604508363468663,0.028039257070143007,-1.328819411051153,-0.5842777066778456,-1.1987847134687195,-0.3399584528156388,-0.7747448751396983,-0.5630928695821243,-0.44994859094123124,-0.832885392821072,-0.5949255443893394,-0.8248580604382849,-0.6287202964791377,-0.7959211149635403,-0.673425533382435,-0.5136436351258344,-0.5549721941394787,-0.286718231285194,0.13460866841101835,-0.47161203436286137,-0.051630135855467926,-0.16238762618104882,-0.382635036753482,-0.4666314769152973,-1.3656666106479673,-0.432069964526222,-0.6776694583334733
2020-04-02,-1.344266808214772,-0.6579018366293833,-0.6033782762948594,-0.05474157860612374,-1.917465851623316,-0.6153810848306401,-1.1885899424977655,-0.42920485568261424,-0.9681291957480523,-0.718183932222727,-0.5405962124436912,-0.9711230880990804,-0.9420748505663158,-1.1484974171215203,-1.1114311366815066,-0.9144632934887853,-0.5274438765681404,-0.5428187165760142,-0.6383095169980655,-1.0209890571521893,-0.0867095649669244,-0.5173861470385557,-0.14041563145754032,0.06130000437695532,-0.011739880030442228,0.05690511659606522,-1.4910901902935123,-0.2714260804252563,-0.8619337198423115
2020-04-03,-1.4538493316037033,-0.8700488886586512,-0.684329693108688,-0.18259658832127781,-2.2070012570643147,-0.9733487804933709,-1.361616926985578,-0.3385858487997337,-0.9046484815078727,-0.8205226305455203,-0.5936740943183225,-1.0968036338644838,-1.4030668799815513,-1.1944895273174365,-1.3977265730392416,-0.9553220635316745,-0.7075838687700553,-1.390969075305776,-0.6717249671380443,-0.9467265632378296,0.2215163426446901,-0.47953677133974687,0.1876032210991101,-0.5471588394604932,-0.41289370039538953,-0.00081198988374373,-1.255241632762163,-0.5163905712707844,-1.0085420628183221
2020-04-04,-1.3895827058864851,-1.1116384465583313,-0.9300606700412796,-0.6102690913241692,-2.457587872559889,-0.8760939548654354,-1.4903749900696273,-0.7354418913086467,-1.190684614055611,-1.1619004813958351,-0.869619836841457,-1.3217320404250164,-1.7455837676335852,-1.2207688840325035,-1.5767123683300137,-1.154038143629658,-0.6919734995980024,-1.5898572082329856,-0.6269991880563813,-0.7389033265105907,-0.3206790295546563,-1.809089948476474,-0.6032183484544916,-0.3220375928078299,0.7683945112363222,0.734803253854775,-1.5384219394060095,-0.829158486899748,-1.2078860740326791
2020-04-05,-1.517775690183324,-1.2385682002230056,-1.1176821834696913,-0.9780988828049721,-2.832764365561853,-1.4087321442686047,-1.7853058986813743,-0.7757291301434793,-1.3453612151402972,-1.1737716227798158,-1.0346012446482047,-1.293903829600589,-1.6400893637562477,-1.3366714986920178,-1.6427483342743594,-1.5213364995661829,-1.3684090593004767,-1.0533051441574406,-1.0705943503830047,-1.2446519643902614,-0.4574390666447316,-1.2777759278220793,-0.6960424513916527,-1.8377536778104018,0.3879832449421828,-0.037332006341965485,-1.9485738780536344,-1.1341221495751932,-1.412444068417323
2020-04-06,-1.12669041797507,-0.5186870545596286,-0.26231460251993116,0.10732824191340681,-1.968477513844607,-0.2678272186133139,-0.7658993678631496,-0.14221425826143463,-0.5395340879741093,-0.36218231901898434,-0.2137971587099291,-0.8206554617070267,-1.1563115444587584,-0.9556394147436228,-1.0707244233126036,-0.5927080924961887,-0.7023120726108366,-0.1613454346444161,-0.10625883053098614,-0.3515786746448029,0.3120038036451404,-0.35727356808898014,-0.16600170794715804,-0.4184095753836802,0.28993337504472455,-0.17988319855661325,-1.032737198396086,-0.33176496283970447,-0.6681556921621051
2020-04-07,-1.0804547514090073,-0.7576157473132742,-0.3982354007270806,0.09281913416689876,-1.5956708442467724,-0.756897827134228,-0.8233030222004587,-0.32566935844705214,-0.44638357325911016,-0.43982233801319554,-0.34028315008418053,-0.9745960766972531,-1.0013229331347586,-0.9490553040780577,-0.9011681270230516,-0.7117613869989472,-0.37390536359887144,-0.5612316939483039,-0.6598959551102458,-0.6526117591664772,0.3646272753171014,-0.4813398497157296,0.07959739607352118,0.09052592943930027,0.06328201828866166,-0.18238149839319198,-1.5783327462055685,0.4941365246827361,-0.6931368276587294
2020-04-08,-1.1530985203512092,-0.6000629541491992,-0.5436042639515098,0.05194536983527691,-2.5545122438598415,-0.7084190631841857,-1.013712121208742,-0.24856239433389957,-0.8317002152011431,-0.6738743635275032,-0.4625554260984499,-0.9151302616409125,-0.823376151808335,-1.1905113382010735,-0.8823439956312514,-0.9890028009035133,-0.4322676090410857,-0.537786592170667,-0.39373843249470747,-0.8393230431799739,0.24247945264322404,-0.22738994791362996,0.063179864275062,-0.6686221689423699,-0.10601920725246991,-0.13187649784368805,-1.389133878088932,-0.5159328563265886,-0.821811079603328
2020-04-09,-0.8649491595887888,-0.3757114892204118,-0.41257564940587665,0.01976825694338959,-1.6362477626533618,-0.640266464990938,-0.7577004821851002,-0.19232834018150355,-0.7293332645146425,-0.44930872570952995,-0.32420524165425535,-0.6849163474403227,-0.830622611128147,-0.6773464967130503,-0.927270940691264,-0.7727857740145565,0.07126617178441823,-0.5968321473056631,-0.26980053594553527,-0.2977571384844733,0.30149851592277976,-0.16192908284736693,0.3719152163509305,-0.5887910832660732,0.23764725093623956,0.3828895071200516,-1.6867268557712762,-0.9089701994661538,-0.599090254197879
2020-04-10,-1.2166495274212834,-0.587724168474134,-0.8176919126401124,-0.4010141906123324,-1.6217955918031033,-0.9985669661511958,-1.1863137275166218,-0.7265011079740358,-0.9426056165441334,-0.8490779363632762,-0.7272685039412746,-1.1764594836771975,-1.2601105009149254,-0.8717822152904003,-1.1283350808891663,-1.1954029653615987,-0.5621969380996873,-0.5503174479091284,-0.9422828178829847,-0.7003248316754982,-0.4297326664602456,-0.6186943430145119,-0.7528770487399649,-0.840217239278229,-0.2212490631364441,-0.6682958122328847,-1.6459602913501992,-1.4498486447222287,-0.9570292019808517
2020-04-11,-1.1362007060109658,-0.8380210476068708,-0.9558737992521217,-0.4711044086936736,-2.004508487163171,-0.7195950949085558,-1.538699427916241,-0.6462287592399135,-1.2058107110097809,-0.8283557161393287,-0.968042605673034,-1.2085793922917707,-1.5882022572286472,-1.4199243519501181,-1.6045291434002438,-1.1358652488055079,-0.48039926058797977,-1.0303896389356104,-0.8739245383901294,-0.7136789024632427,-0.3422082236131575,-1.2170760033508643,-0.4852626200473547,-0.12874348019439472,-0.28889997376603266,-0.6462552124535942,-2.419767712195684,-0.9535376996995591,-1.102937671639878
2020-04-12,-1.4103697659330392,-1.041099738529249,-0.7030302708439649,-0.5668889905978513,-1.8734091867595128,-1.2435379703662106,-1.1493084864450427,-0.5561055802819002,-0.926057768122881,-1.0421776788545223,-0.7360284879886874,-0.999006775947008,-1.5015150524609902,-0.9392063321693978,-1.562066016855343,-1.1308314154956358,-0.7772995275691683,-0.2679743776630831,-1.0763256950551656,-0.833854810809077,0.1571118986914221,-1.2612492628656788,-0.33679979530270754,-1.2540353346447992,1.0376977493631823,-1.9071354729729726,-1.4123032115367053,-1.1987578978357811,-1.0681140614835531
2020-04-13,-1.5708166956371596,-1.140170302993485,-0.6709483599761149,-0.11713651889440499,-2.1001646069326245,-0.9311885855280365,-0.9486563312530756,-0.4040406361652118,-1.0411920608002363,-0.6985732705087342,-0.6036355013772196,-0.8106278300883668,-1.2726005487258827,-1.2446450550291297,-1.322949976452273,-1.0146075300587691,-0.3182056408457643,-0.8515103441898336,0.33452877523283775,-0.7616341843440388,0.06245142790166252,-0.495740665060896,-1.0387253409611439,-1.5513048291112854,0.011886508431242048,-0.2941740134772815,-1.8533106271497184,-0.9055626042426475,-0.9535387912509701
2020-04-14,-0.5811127363304602,-0.19209403656804974,-0.46894424085715064,0.12363726635634897,-2.233883999056045,-0.5834735585372496,-0.5015678106998611,-0.2102517093860276,-0.45081376167419196,-0.45138975213450105,-0.3891080689685014,-0.6301777100676195,-0.8655765194977945,-0.6496761862447439,-0.980804737368037,-0.7959712560398832,0.021037607269772586,-0.3064555457287583,0.12274954713278896,-0.13185743763449229,0.3755825484810978,-0.20262374220528204,0.39723174910498926,-1.0560994863475233,0.35455542442598603,-0.41231727846179317,-1.9826829494791876,-0.3431000685787117,-0.5788336005767056
2020-04-15,-0.9751928679241019,-0.4761761638707229,-0.6507494571980491,-0.014303707898540546,-2.246805426646116,-0.4455322797536165,-0.847233192636133,-0.41754781232837973,-0.8643784730902518,-0.6743580796983388,-0.5457145563498105,-1.125464440155978,-1.1457269122091922,-1.224455591940813,-1.1670866333481358,-0.879475043548715,-0.5957597167106148,-0.672418760007767,-0.43061626353558696,-0.5845699090684107,0.4025176794013933,-0.5476508450841705,-0.3939910787645711,-0.4024427420950078,-0.08560677478176523,-0.07869856731166511,-2.112161721574562,-1.068497479845722,-0.8409388444298536
2020-04-16,-1.1309057733777,-0.43878740450531256,-0.5385489645515872,-0.009365134547584473,-1.7709308542691453,-1.0312736062647965,-1.2160502559103663,-0.3642337287145976,-0.9437012882056786,-0.5691651997411286,-0.5070594352257921,-0.9334128631038195,-1.0701610326382676,-0.9262604641548048,-1.0849705536272043,-0.963320780832635,-0.8348764495900916,-0.4824584537599804,-0.3530567192320918,-1.28587813187175,-0.054276881451096236,-0.11654938477789367,-0.44813065563341326,0.4253043951881902,0.6861245084672082,-0.8190315669792525,-1.601428827047629,-0.14682484775510066,-0.8431190464270889
2020-04-17,-0.9461902835891582,-0.47266839913183467,-0.477601833969475,-0.08129550074417452,-2.0679740344349504,-0.9698136028223918,-0.7465381152741936,-0.3401238204115382,-0.9219268685987202,-0.6315836350272311,-0.4737972076755844,-1.0686120477916645,-1.089724507554274,-1.1134103835372937,-1.134796940735407,-0.9518638929189405,-0.6134818085105705,-0.6858452414110591,0.08752258926506162,-0.41908027625011784,0.026856050189652612,-0.5327182714161721,-0.07476952656829199,0.4381008447540456,0.12634920160684698,-0.4959785677673598,-1.7526940543528586,-0.23157472044999763,-0.829494287219259
2020-04-18,-1.421617459420566,-1.0446144388651537,-0.6913535528552842,-0.50765009106966,-1.9613281381362382,-1.1719493448822274,-1.090131635284402,-0.3551840825710651,-0.7972359310602488,-0.7749160594534664,-0.6449610706213679,-1.0290935242769397,-1.4360102909910586,-1.2286720712525525,-1.3290724863788825,-1.003624846763037,-0.8807170390557811,-0.875260509239071,-0.3295543710514697,-0.7509509336800935,0.022742292229755816,-0.5982480954193965,-0.47906375938392953,-0.8235508302326453,0.24033140730739994,0.317695594860032,-2.028058234994735,-0.22447924265093144,-1.021654827231643
2020-04-19,-1.3697809012967634,-0.8413618108519322,-0.9270036098056313,-0.4831796754094078,-1.8027066813880235,-0.7719267302185965,-1.4777494255249735,-0.8400105409118523,-1.3176571986878174,-1.2363834870818553,-1.0111997472998682,-1.482958796344541,-1.4618901608065666,-1.4931031203320644,-1.5175021439888101,-1.4141798341649243,-1.3835381094430488,-1.0424647617797251,-0.8223326914432872,-1.1704926448557735,-0.14273465544701522,-1.0343933814337627,-0.8524510220233759,-1.4292718590557316,-1.0246411298135614,-0.2526703433649695,-2.048627648766277,-0.35573039074305346,-1.225419527856275
2020-04-20,-1.0941342938258718,-0.3746751533565365,-0.5929317327334656,0.19550094567032197,-1.1612275360420605,-0.5300314367239816,-1.0531791216625288,-0.3731169761612869,-0.8670032392824232,-0.6531792604474894,-0.4611064223801633,-0.9975827374103,-1.0929604390852692,-1.22904215876669,-1.136309632821455,-0.9021971605038261,-0.7417814106049683,-0.5686138532352033,-0.23359492562831585,-0.8366538212596977,0.02755681065953633,-0.5676657676280523,0.043563411988165934,-0.7572459143406925,0.6867370169852002,-0.1407827240205256,-1.6110357679866183,-0.026510751750121696,-0.7685269274198819
2020-04-21,-1.1898897264506112,-0.6750797575584517,-0.3006090738870601,0.23332683817004962,-1.738984271577523,-0.43587353362127007,-1.2238924113566017,-0.17502306683882687,-0.7852330182539966,-0.4267944684357418,-0.26772646618647256,-0.6658137302954542,-1.0300069335494864,-1.4177880459630792,-1.1165901025166494,-0.6481036473980325,-0.44814798666724304,-0.2225446795403315,-0.1337689211159984,-0.5740252717007219,0.2860010110528963,-0.316513008911991,0.45492409575986725,0.06554682625741796,-0.07611773701923777,0.27617058348373835,-2.047782732605697,-0.9603887368278602,-0.7242487883756735
2020-04-22,-0.9013407150666713,-0.35523046401983543,-0.3445640283782879,0.26825139674821447,-1.9380717052160052,-0.28026026742427124,-0.6466762027828863,-0.008847846266953615,-0.5459316032404111,-0.22389853792113082,-0.3151546942416459,-0.41538584800761513,-0.46229521797360074,-0.8948087551736694,-0.42415704256499254,-0.6017579756450647,-0.08342131235932056,-0.4607915009963192,0.08652600888898851,-0.7192482517106222,0.44579357369340084,-0.16971717230148464,0.40785162727993834,0.7177010375629373,0.34908117633806324,0.176841772608855,-1.6261894963492556,-0.4810108726708197,-0.4807971070314205
