,Ticker,Timestamp,SDG_Mean,SDG_Mean_change
10179,AAPL,2019-12-08,0.0996946971429972,0.21324233696323186
10180,AAPL,2019-12-09,-0.1808156375575471,-0.2805103347005443
10181,AAPL,2019-12-10,-0.8786538023582514,-0.6978381648007044
10182,AAPL,2019-12-11,0.07644360737020119,0.9550974097284526
10183,AAPL,2019-12-12,-0.2893235832586696,-0.36576719062887075
10184,AAPL,2019-12-13,-0.7489824809705259,-0.4596588977118563
10185,AAPL,2019-12-14,-1.2006953150392663,-0.4517128340687404
10186,AAPL,2019-12-15,-0.3065748007496126,0.8941205142896538
10187,AAPL,2019-12-16,-0.3306034046829057,-0.024028603933293147
10188,AAPL,2019-12-17,-2.1666719063957185,-1.8360685017128127
10189,AAPL,2019-12-18,-0.3899659993989813,1.7767059069967372
10190,AAPL,2019-12-19,-0.3101971974471395,0.07976880195184177
10191,AAPL,2019-12-20,-0.3295110410760401,-0.019313843628900595
10192,AAPL,2019-12-21,-1.3830484721204446,-1.0535374310444046
10193,AAPL,2019-12-22,0.2407102098137995,1.623758681934244
10194,AAPL,2019-12-23,-0.010919348668708166,-0.2516295584825077
10195,AAPL,2019-12-24,0.26677998135771114,0.2776993300264193
10196,AAPL,2019-12-25,0.32971874143883323,0.06293876008112209
10197,AAPL,2019-12-26,1.2090511450413697,0.8793324036025365
10198,AAPL,2019-12-27,0.4683791986152893,-0.7406719464260804
10199,AAPL,2019-12-28,-0.4906464531968068,-0.9590256518120961
10200,AAPL,2019-12-29,0.6659128706645265,1.1565593238613334
10201,AAPL,2019-12-30,0.2311723187717619,-0.4347405518927646
10202,AAPL,2019-12-31,-0.4789144621020233,-0.7100867808737852
10203,AAPL,2020-01-01,0.4939862172449096,0.9729006793469329
10204,AAPL,2020-01-02,0.024309714334426042,-0.4696765029104836
10205,AAPL,2020-01-03,-0.457699345035084,-0.48200905936951005
10206,AAPL,2020-01-04,0.17264758168547115,0.6303469267205551
10207,AAPL,2020-01-05,-0.6333089293487852,-0.8059565110342564
10208,AAPL,2020-01-06,0.04018843429395167,0.6734973636427369
10209,AAPL,2020-01-07,-0.4961175134518445,-0.5363059477457962
10210,AAPL,2020-01-08,-1.0332871167056434,-0.5371696032537989
10211,AAPL,2020-01-09,-1.192837228361178,-0.15955011165553445
10212,AAPL,2020-01-10,-0.9519155808188136,0.24092164754236434
10213,AAPL,2020-01-11,-0.2281835615545099,0.7237320192643036
10214,AAPL,2020-01-12,-0.946256434993386,-0.718072873438876
10215,AAPL,2020-01-13,-1.2036721980011431,-0.25741576300775715
10216,AAPL,2020-01-14,-1.2339893086359126,-0.030317110634769495
10217,AAPL,2020-01-15,-0.8210251785109086,0.412964130125004
10218,AAPL,2020-01-16,0.46408925457526706,1.2851144330861757
10219,AAPL,2020-01-17,0.1787679846958377,-0.28532126987942935
10220,AAPL,2020-01-18,0.018848964155248102,-0.1599190205405896
10221,AAPL,2020-01-19,0.2037709187590408,0.18492195460379268
10222,AAPL,2020-01-20,-0.8612331351066281,-1.0650040538656689
10223,AAPL,2020-01-21,-1.418765558786993,-0.5575324236803648
10224,AAPL,2020-01-22,-0.6250526958340413,0.7937128629529516
10225,AAPL,2020-01-23,-0.4377125481325074,0.18734014770153395
10226,AAPL,2020-01-24,-0.7689583891858824,-0.33124584105337507
10227,AAPL,2020-01-25,-1.2823201308175225,-0.5133617416316401
10228,AAPL,2020-01-26,-0.3462142454093194,0.9361058854082032
10229,AAPL,2020-01-27,-1.0663763805109567,-0.7201621351016374
10230,AAPL,2020-01-28,-1.5763918220479356,-0.5100154415369789
10231,AAPL,2020-01-29,-0.735036166162239,0.8413556558856966
10232,AAPL,2020-01-30,-1.188285225015459,-0.45324905885322
10233,AAPL,2020-01-31,-1.7533460931125786,-0.5650608680971196
10234,AAPL,2020-02-01,-4.037384704213647,-2.284038611101068
10235,AAPL,2020-02-02,-4.063214361288178,-0.025829657074531553
10236,AAPL,2020-02-03,-2.2203427328954213,1.842871628392757
10237,AAPL,2020-02-04,-1.1282784165923574,1.0920643163030639
10238,AAPL,2020-02-05,-1.4602467291547383,-0.3319683125623809
10239,AAPL,2020-02-06,-0.5620084644241301,0.8982382647306082
10240,AAPL,2020-02-07,-1.9397477789683488,-1.3777393145442187
10241,AAPL,2020-02-08,-5.176698363851587,-3.236950584883238
10242,AAPL,2020-02-09,-3.7203691310149294,1.4563292328366577
10243,AAPL,2020-02-10,-2.2625942576163744,1.457774873398555
10244,AAPL,2020-02-11,-0.28373707819207794,1.9788571794242964
10245,AAPL,2020-02-12,-0.6752951749190572,-0.3915580967269793
10246,AAPL,2020-02-13,-1.3889022367396149,-0.7136070618205577
10247,AAPL,2020-02-14,-1.713281368317238,-0.3243791315776232
10248,AAPL,2020-02-15,-1.7819926357774103,-0.0687112674601722
10249,AAPL,2020-02-16,-2.2396010644194946,-0.4576084286420843
10250,AAPL,2020-02-17,-1.5873722023279682,0.6522288620915264
10251,AAPL,2020-02-18,-3.5631615568703814,-1.9757893545424132
10252,AAPL,2020-02-19,-2.6976219557628944,0.865539601107487
10253,AAPL,2020-02-20,-2.157776018978719,0.5398459367841753
10254,AAPL,2020-02-21,-2.3676020117778327,-0.20982599279911351
10255,AAPL,2020-02-22,-1.4225954255803062,0.9450065861975265
10256,AAPL,2020-02-23,-0.5818655220426303,0.8407299035376758
10257,AAPL,2020-02-24,-1.513906027253466,-0.9320405052108356
10258,AAPL,2020-02-25,-2.2695064750392606,-0.7556004477857947
10259,AAPL,2020-02-26,-2.128098934669953,0.14140754036930758
10260,AAPL,2020-02-27,-1.6408843345644135,0.4872146001055395
10261,AAPL,2020-02-28,-2.1813836274484735,-0.54049929288406
10262,AAPL,2020-02-29,-1.2959268059272782,0.8854568215211953
10263,AAPL,2020-03-01,-2.9840616078755664,-1.6881348019482882
10264,AAPL,2020-03-02,-1.96617156030687,1.0178900475686965
10265,AAPL,2020-03-03,-1.4335631115860734,0.5326084487207965
10266,AAPL,2020-03-04,-0.5445123786165031,0.8890507329695703
10267,AAPL,2020-03-05,-1.6505423995532031,-1.1060300209367
10268,AAPL,2020-03-06,-1.4706800205339603,0.17986237901924285
10269,AAPL,2020-03-07,-2.542315089487835,-1.0716350689538745
10270,AAPL,2020-03-08,-2.280619139411451,0.2616959500763838
10271,AAPL,2020-03-09,-4.591191584578435,-2.310572445166984
10272,AAPL,2020-03-10,-2.9189696648249672,1.6722219197534676
10273,AAPL,2020-03-11,-1.7405580168496402,1.178411647975327
10274,AAPL,2020-03-12,-0.909106968158792,0.8314510486908482
10275,AAPL,2020-03-13,-1.8661265206624669,-0.9570195525036749
10276,AAPL,2020-03-14,-2.4910949391694794,-0.6249684185070126
10277,AAPL,2020-03-15,-2.7963378267895846,-0.3052428876201052
10278,AAPL,2020-03-16,-2.760711234952113,0.03562659183747163
10279,AAPL,2020-03-17,-3.032348172947723,-0.27163693799561006
10280,AAPL,2020-03-18,-2.9598268827895264,0.07252129015819664
10281,AAPL,2020-03-19,-0.9157880492913626,2.044038833498164
10282,AAPL,2020-03-20,-2.5373871191431903,-1.6215990698518277
10283,AAPL,2020-03-21,-2.9448852529409595,-0.4074981337977692
10284,AAPL,2020-03-22,-2.3057312305632194,0.6391540223777401
10285,AAPL,2020-03-23,-1.1574051276826818,1.1483261028805376
10286,AAPL,2020-03-24,-1.2087692451905103,-0.051364117507828544
10287,AAPL,2020-03-25,-1.5508351795206985,-0.34206593433018817
10288,AAPL,2020-03-26,-1.4512301308056346,0.09960504871506393
10289,AAPL,2020-03-27,-0.8469091511325556,0.604320979673079
10290,AAPL,2020-03-28,-1.7488415938371864,-0.9019324427046308
10291,AAPL,2020-03-29,-2.1927541529144743,-0.4439125590772879
10292,AAPL,2020-03-30,-2.3005539005063347,-0.1077997475918604
10293,AAPL,2020-03-31,-0.7792376056992006,1.521316294807134
10294,AAPL,2020-04-01,-1.9218001451529843,-1.1425625394537837
10295,AAPL,2020-04-02,-1.8780397110011984,0.043760434151785876
10296,AAPL,2020-04-03,-2.9636002224426985,-1.0855605114415001
10297,AAPL,2020-04-04,-1.6400752639168676,1.3235249585258309
10298,AAPL,2020-04-05,-0.7196644290858917,0.920410834830976
10299,AAPL,2020-04-06,-1.382903377647059,-0.6632389485611673
10300,AAPL,2020-04-07,-1.3300039631932061,0.05289941445385282
10301,AAPL,2020-04-08,-1.6212281649766729,-0.29122420178346675
10302,AAPL,2020-04-09,-1.0143467821648036,0.6068813828118693
10303,AAPL,2020-04-10,-0.6059395952983541,0.4084071868664495
10304,AAPL,2020-04-11,-1.4263633594819856,-0.8204237641836315
10305,AAPL,2020-04-12,-1.3389820907006291,0.08738126878135644
10306,AAPL,2020-04-13,-0.4490061393739218,0.8899759513267074
10307,AAPL,2020-04-14,-1.1486739490572089,-0.6996678096832871
10308,AAPL,2020-04-15,-1.6648163611886695,-0.5161424121314606
10309,AAPL,2020-04-16,-1.599243612453558,0.06557274873511143
10310,AAPL,2020-04-17,-1.032596202958734,0.566647409494824
10311,AAPL,2020-04-18,-1.8731294869212511,-0.840533283962517
10312,AAPL,2020-04-19,-1.2859595934527852,0.5871698934684659
10313,AAPL,2020-04-20,-0.5529641988959261,0.7329953945568591
10314,AAPL,2020-04-21,-0.20376421603807413,0.3491999828578519
10315,AAPL,2020-04-22,-0.9550063518020636,-0.7512421357639895
110764,AMT,2019-12-12,1.6651248843663302,0.1669975435423603
110770,AMT,2019-12-18,4.22960725075529,4.442866302619393
110771,AMT,2019-12-19,0.69364161849711,-3.53596563225818
110778,AMT,2019-12-26,1.863674683388429,0.07636458508636901
110782,AMT,2019-12-30,-1.9273257222021896,-3.70422601835224
110786,AMT,2020-01-03,1.4016413297173944,0.5667228256050703
110787,AMT,2020-01-04,1.2368526002355649,-0.16478872948182954
110788,AMT,2020-01-05,-0.807733982928182,-2.044586583163747
110789,AMT,2020-01-06,-0.643278739551682,0.16445524337649997
110790,AMT,2020-01-07,-1.2236700438947619,-0.5803913043430798
110791,AMT,2020-01-08,1.48731408573928,2.710984129634042
110792,AMT,2020-01-09,0.5595514686579496,-0.9277626170813303
110793,AMT,2020-01-10,-2.5994648727502847,-3.1590163414082344
110796,AMT,2020-01-13,1.2971554660927949,2.013675490130886
110803,AMT,2020-01-20,0.0930232558139532,-1.684036518014807
110804,AMT,2020-01-21,2.51572327044025,2.422700014626297
110805,AMT,2020-01-22,7.017543859649121,4.5018205892088705
110826,AMT,2020-02-12,0.4860629006359034,0.9334520882052217
110827,AMT,2020-02-13,0.6915515382960417,0.20548863766013825
110832,AMT,2020-02-18,0.42056677702516704,2.2855641139297433
110833,AMT,2020-02-19,0.8917954815695582,0.4712287045443912
110834,AMT,2020-02-20,2.23214285714286,1.3403473755733017
110835,AMT,2020-02-21,0.9227220299884659,-1.3094208271543941
110838,AMT,2020-02-24,1.6929997388455624,1.0757157882282784
110839,AMT,2020-02-25,-0.5862048114603995,-2.2792045503059617
110840,AMT,2020-02-26,-0.1628100621949011,0.42339474926549836
110841,AMT,2020-02-27,0.1591699290444056,0.3219799912393067
110842,AMT,2020-02-28,-1.135523444757877,-1.2946933738022826
110843,AMT,2020-02-29,-1.4035087719298205,-0.26798532717194345
110848,AMT,2020-03-05,0.001006811148320609,-5.598993188851679
110855,AMT,2020-03-12,2.57936507936508,0.44261294261294015
110856,AMT,2020-03-13,1.5019068219134686,-1.0774582574516114
110857,AMT,2020-03-14,0.6172839506172839,-0.8846228712961847
110860,AMT,2020-03-17,0.41639437153487774,0.17487874364648665
110861,AMT,2020-03-18,3.4615384615384603,3.0451440900035824
110875,AMT,2020-04-01,0.08913219732061888,-0.4100579683839366
110890,AMT,2020-04-16,-6.25909752547307,-8.38553430708227
110891,AMT,2020-04-17,1.3215859030836998,7.58068342855677
110894,AMT,2020-04-20,0.3740648379052371,-1.2388383879012128
110895,AMT,2020-04-21,0.1877975665667435,-0.18626727133849358
110896,AMT,2020-04-22,-0.6471098277416673,-0.8349073943084108
115917,AMZN,2019-12-07,0.22307277273209405,-0.7553861289504575
115918,AMZN,2019-12-08,0.5963745401502648,0.3733017674181708
115919,AMZN,2019-12-09,0.17008841853450876,-0.4262861216157561
115920,AMZN,2019-12-10,-0.036677429235254966,-0.20676584776976373
115921,AMZN,2019-12-11,1.0569285211734598,1.0936059504087148
115922,AMZN,2019-12-12,1.5511478361353692,0.4942193149619094
115923,AMZN,2019-12-13,1.9628939565600845,0.41174612042471526
115924,AMZN,2019-12-14,1.5446765079832685,-0.418217448576816
115925,AMZN,2019-12-15,0.5361660817284173,-1.0085104262548512
115926,AMZN,2019-12-16,0.965624135674952,0.4294580539465347
115927,AMZN,2019-12-17,0.8447863859709801,-0.12083774970397188
115928,AMZN,2019-12-18,1.6895744989617236,0.8447881129907435
115929,AMZN,2019-12-19,2.8907460194415666,1.201171520479843
115930,AMZN,2019-12-20,0.15692444824688004,-2.7338215711946865
115931,AMZN,2019-12-21,-0.3839601092872177,-0.5408845575340977
115932,AMZN,2019-12-22,0.010126246502516728,0.3940863557897344
115933,AMZN,2019-12-23,0.42419561906071945,0.41406937255820275
115934,AMZN,2019-12-24,1.5154144971297752,1.0912188780690557
115935,AMZN,2019-12-25,0.3938854464133456,-1.1215290507164295
115936,AMZN,2019-12-26,0.5217454416370875,0.12785999522374186
115937,AMZN,2019-12-27,0.11884890807631684,-0.4028965335607706
115938,AMZN,2019-12-28,-0.2129911783115602,-0.33184008638787704
115939,AMZN,2019-12-29,-0.5077813500827961,-0.2947901717712359
115940,AMZN,2019-12-30,0.3188669194581899,0.826648269540986
115941,AMZN,2019-12-31,0.3816622550773547,0.06279533561916478
115942,AMZN,2020-01-01,-1.1438573382943356,-1.5255195933716903
115943,AMZN,2020-01-02,-0.35308443341858525,0.7907729048757504
115944,AMZN,2020-01-03,-0.2892735478002645,0.06381088561832077
115945,AMZN,2020-01-04,1.0467185058128063,1.335992053613071
115946,AMZN,2020-01-05,0.510973228139672,-0.5357452776731343
115947,AMZN,2020-01-06,0.4733483885895004,-0.03762483955017165
115948,AMZN,2020-01-07,0.8175757899051125,0.3442274013156121
115949,AMZN,2020-01-08,0.5492522336498319,-0.2683235562552806
115950,AMZN,2020-01-09,1.3733900892870974,0.8241378556372655
115951,AMZN,2020-01-10,1.8863671137297209,0.5129770244426235
115952,AMZN,2020-01-11,0.1455728619668864,-1.7407942517628345
115953,AMZN,2020-01-12,2.0928306583588894,1.947257796392003
115954,AMZN,2020-01-13,0.6964361205905965,-1.396394537768293
115955,AMZN,2020-01-14,1.0473855360375102,0.3509494154469137
115956,AMZN,2020-01-15,0.7067139847916535,-0.3406715512458567
115957,AMZN,2020-01-16,0.26099191924214155,-0.44572206554951194
115958,AMZN,2020-01-17,0.17800109186782728,-0.08299082737431426
115959,AMZN,2020-01-18,-0.2277815675326891,-0.4057826594005164
115960,AMZN,2020-01-19,1.3641532201410411,1.5919347876737302
115961,AMZN,2020-01-20,0.7127123876076521,-0.651440832533389
115962,AMZN,2020-01-21,1.6785032808501978,0.9657908932425457
115963,AMZN,2020-01-22,0.16947453581593042,-1.5090287450342674
115964,AMZN,2020-01-23,-0.1671808779728314,-0.33665541378876185
115965,AMZN,2020-01-24,0.6686203396252464,0.8358012175980778
115966,AMZN,2020-01-25,-0.7316448462295414,-1.4002651858547877
115967,AMZN,2020-01-26,-0.5569260499260867,0.17471879630345466
115968,AMZN,2020-01-27,0.06441740906682036,0.6213434589929071
115969,AMZN,2020-01-28,0.4537082871655677,0.38929087809874735
115970,AMZN,2020-01-29,-0.2999362687903777,-0.7536445559559455
115971,AMZN,2020-01-30,0.6177947158008761,0.9177309845912538
115972,AMZN,2020-01-31,0.37583940859822174,-0.24195530720265435
115973,AMZN,2020-02-01,-0.5906087283652829,-0.9664481369635046
115974,AMZN,2020-02-02,0.8411927318116352,1.431801460176918
115975,AMZN,2020-02-03,1.8897649793534423,1.0485722475418071
115976,AMZN,2020-02-04,1.1251671043135243,-0.764597875039918
115977,AMZN,2020-02-05,1.3304923383978466,0.20532523408432235
115978,AMZN,2020-02-06,1.1126314081441115,-0.2178609302537351
115979,AMZN,2020-02-07,1.2393787621895451,0.12674735404543358
115980,AMZN,2020-02-08,-0.2730191968774072,-1.5123979590669523
115981,AMZN,2020-02-09,-0.009459005386444548,0.26356019149096266
115982,AMZN,2020-02-10,-0.3119581692316871,-0.30249916384524256
115983,AMZN,2020-02-11,-0.23804347972764905,0.07391468950403807
115984,AMZN,2020-02-12,0.3599943691743173,0.5980378489019664
115985,AMZN,2020-02-13,0.3090602811245176,-0.05093408804979971
115986,AMZN,2020-02-14,0.934357302036255,0.6252970209117374
115987,AMZN,2020-02-15,0.5692737090615524,-0.3650835929747026
115988,AMZN,2020-02-16,0.845770355158997,0.2764966460974446
115989,AMZN,2020-02-17,0.5402656031993388,-0.3055047519596582
115990,AMZN,2020-02-18,0.38928143584929975,-0.15098416735003906
115991,AMZN,2020-02-19,-0.0655529196759732,-0.45483435552527296
115992,AMZN,2020-02-20,1.4316102926851384,1.4971632123611116
115993,AMZN,2020-02-21,0.6771612089185346,-0.7544490837666038
115994,AMZN,2020-02-22,0.450334215170024,-0.22682699374851062
115995,AMZN,2020-02-23,0.11785025182425125,-0.33248396334577274
115996,AMZN,2020-02-24,0.4912874299639056,0.3734371781396544
115997,AMZN,2020-02-25,-0.18249809671588693,-0.6737855266797925
115998,AMZN,2020-02-26,1.239673463578975,1.422171560294862
115999,AMZN,2020-02-27,1.4765137188159263,0.2368402552369513
116000,AMZN,2020-02-28,0.923122858471086,-0.5533908603448403
116001,AMZN,2020-02-29,-0.3276792519086473,-1.2508021103797333
116002,AMZN,2020-03-01,0.3115572608244481,0.6392365127330955
116003,AMZN,2020-03-02,0.6017502541489705,0.2901929933245224
116004,AMZN,2020-03-03,0.015316904736586291,-0.5864333494123842
116005,AMZN,2020-03-04,0.3719809443911114,0.3566640396545251
116006,AMZN,2020-03-05,0.8883380895563867,0.5163571451652753
116007,AMZN,2020-03-06,-0.9164338955978216,-1.8047719851542083
116008,AMZN,2020-03-07,-0.6382636192150509,0.2781702763827707
116009,AMZN,2020-03-08,-1.7701358281268311,-1.1318722089117803
116010,AMZN,2020-03-09,-0.401197790359205,1.3689380377676261
116011,AMZN,2020-03-10,-1.3989092043854388,-0.9977114140262338
116012,AMZN,2020-03-11,0.4787226470402208,1.8776318514256596
116013,AMZN,2020-03-12,0.9705605841820862,0.49183793714186547
116014,AMZN,2020-03-13,-0.4522717606707157,-1.422832344852802
116015,AMZN,2020-03-14,-1.6827625108944126,-1.230490750223697
116016,AMZN,2020-03-15,-1.326168557470055,0.3565939534243576
116017,AMZN,2020-03-16,-1.1926335513216082,0.13353500614844682
116018,AMZN,2020-03-17,-0.6952359765118736,0.49739757480973457
116019,AMZN,2020-03-18,-1.2690980702101688,-0.5738620936982952
116020,AMZN,2020-03-19,-0.7863251854125267,0.48277288479764213
116021,AMZN,2020-03-20,-0.8152058132837274,-0.028880627871200715
116022,AMZN,2020-03-21,-1.5451297537455493,-0.7299239404618219
116023,AMZN,2020-03-22,-1.3337009989081825,0.21142875483736678
116024,AMZN,2020-03-23,-0.02724866345908276,1.3064523354490998
116025,AMZN,2020-03-24,-0.684422280327821,-0.6571736168687383
116026,AMZN,2020-03-25,-0.7781387478835096,-0.09371646755568852
116027,AMZN,2020-03-26,-0.6281890747746413,0.1499496731088683
116028,AMZN,2020-03-27,-0.5394224443652368,0.08876663040940447
116029,AMZN,2020-03-28,-0.9888342629516058,-0.449411818586369
116030,AMZN,2020-03-29,-0.8591252280146165,0.12970903493698926
116031,AMZN,2020-03-30,-1.148753508093657,-0.2896282800790405
116032,AMZN,2020-03-31,-1.630139035085422,-0.48138552699176484
116033,AMZN,2020-04-01,-1.435017428581845,0.19512160650357702
116034,AMZN,2020-04-02,-1.039432382910448,0.39558504567139696
116035,AMZN,2020-04-03,-1.4436203853802572,-0.40418800246980924
116036,AMZN,2020-04-04,-1.4134909009937604,0.030129484386496763
116037,AMZN,2020-04-05,-1.1476050850189683,0.2658858159747921
116038,AMZN,2020-04-06,-0.4269912772919343,0.720613807727034
116039,AMZN,2020-04-07,-0.9893765553233398,-0.5623852780314055
116040,AMZN,2020-04-08,-1.0196811478246648,-0.030304592501325
116041,AMZN,2020-04-09,-0.6877444380124226,0.3319367098122422
116042,AMZN,2020-04-10,-1.1805335502610217,-0.4927891122485991
116043,AMZN,2020-04-11,-0.16243296986988184,1.0181005803911398
116044,AMZN,2020-04-12,-1.4685616078465265,-1.3061286379766446
116045,AMZN,2020-04-13,-0.8454106891972212,0.6231509186493053
116046,AMZN,2020-04-14,-1.327723493314614,-0.48231280411739286
116047,AMZN,2020-04-15,-1.2672330269090173,0.06049046640559674
116048,AMZN,2020-04-16,-0.027670630420062244,1.239562396488955
116049,AMZN,2020-04-17,-0.4205958809125592,-0.39292525049249694
116050,AMZN,2020-04-18,-0.6820519777278972,-0.261456096815338
116051,AMZN,2020-04-19,-1.299128201215504,-0.6170762234876069
116052,AMZN,2020-04-20,-0.4962871264182857,0.8028410747972183
116053,AMZN,2020-04-21,-0.3261779699239213,0.17010915649436442
116054,AMZN,2020-04-22,0.017197130368051615,0.3433751002919729
402189,CVS,2019-12-10,3.6697247706422003,3.3151148415641862
402196,CVS,2019-12-17,2.545228886973101,-3.0237783769494184
402197,CVS,2019-12-18,2.60047281323877,0.055243926265668986
402213,CVS,2020-01-03,4.751533115825526,-2.6310613012516386
402225,CVS,2020-01-15,4.8001837390904925,2.349220447287424
402228,CVS,2020-01-18,2.2443890274314198,-5.318636182652612
402232,CVS,2020-01-22,3.11750599520384,-0.44340337799893836
402233,CVS,2020-01-23,5.08637236084453,1.96886636564069
402245,CVS,2020-02-04,3.613813946631288,-6.2342506490294625
402253,CVS,2020-02-12,3.4466696093023126,1.36017868821664
402254,CVS,2020-02-13,3.9946312277962432,0.5479616184939307
402255,CVS,2020-02-14,4.36507936507936,0.370448137283117
402280,CVS,2020-03-10,2.06855791962175,0.8989672763468999
402281,CVS,2020-03-11,5.511348374966422,3.442790455344672
402282,CVS,2020-03-12,1.7185898749743798,-3.7927584999920425
402287,CVS,2020-03-17,5.00782472613458,5.363696612255577
402294,CVS,2020-03-24,0.5930057522592126,-0.05509129736825691
402295,CVS,2020-03-25,0.30245746691871433,-0.29054828534049826
402296,CVS,2020-03-26,0.919661349514914,0.6172038825961996
402308,CVS,2020-04-07,2.1762785636561497,1.5836799056342132
402319,CVS,2020-04-18,0.0,-1.8725224833565008
402320,CVS,2020-04-19,7.535321821036109,7.535321821036109
402321,CVS,2020-04-20,2.23713646532438,-5.298185355711729
402322,CVS,2020-04-21,1.962948871671892,-0.274187593652488
402323,CVS,2020-04-22,2.2188062674788336,0.25585739580694167
489875,ECL,2019-12-10,1.6074386815995203,0.006015194055040363
489881,ECL,2019-12-16,6.55487804878049,5.664505205152222
489884,ECL,2019-12-19,1.2092134374675554,-0.7239244261635795
489885,ECL,2019-12-20,-1.883278203183758,-3.092491640651313
489886,ECL,2019-12-21,-3.032891926527129,-1.149613723343371
489889,ECL,2019-12-24,-3.21576763485477,-2.5345687247730275
489890,ECL,2019-12-25,1.84645286686103,5.0622205017158
489895,ECL,2019-12-30,4.28015564202335,1.9179509176138994
489900,ECL,2020-01-04,-2.6107763204537418,4.804954016624908
489901,ECL,2020-01-05,-8.312991565123474,-5.702215244669732
489902,ECL,2020-01-06,-8.09523809523809,0.21775346988538402
489905,ECL,2020-01-09,2.120476418683758,9.17692803158699
489906,ECL,2020-01-10,3.0162873710860683,0.8958109524023103
489910,ECL,2020-01-14,0.3923370887521288,2.738016101097809
489911,ECL,2020-01-15,2.29885057471264,1.9065134859605113
489914,ECL,2020-01-18,-0.566572237960339,-0.6437327317875005
489924,ECL,2020-01-28,5.5137844611528815,-0.11845444195302868
489925,ECL,2020-01-29,4.18271876719868,-1.3310656939542014
489926,ECL,2020-01-30,1.5682693228147062,-2.6144494443839736
489927,ECL,2020-01-31,3.5971223021582697,2.0288529793435632
489928,ECL,2020-02-01,-0.4244392958202085,-4.0215615979784785
489931,ECL,2020-02-04,-0.5525947139253601,-1.2490685109251651
489940,ECL,2020-02-13,3.3730528972178537,1.0828543065708298
489941,ECL,2020-02-14,3.333333333333328,-0.03971956388452558
489946,ECL,2020-02-19,1.5430483655390048,-0.2536969458610263
489947,ECL,2020-02-20,-0.428084674496158,-1.9711330400351628
489954,ECL,2020-02-27,2.819632525907555,7.0756005353843925
489962,ECL,2020-03-06,-2.0234449164937454,-2.381124262809669
489968,ECL,2020-03-12,6.287425149700601,3.0244114633684425
489969,ECL,2020-03-13,-1.4687322397946152,-7.7561573894952165
489976,ECL,2020-03-20,-2.0349396116267258,-2.3964522772553423
489977,ECL,2020-03-21,-2.02991452991453,0.005025081712195956
489987,ECL,2020-03-31,3.1487899523090097,0.6090846368509206
489988,ECL,2020-04-01,1.4561972603341966,-1.692592691974813
489989,ECL,2020-04-02,1.5503875968992296,0.09419033656503295
489999,ECL,2020-04-12,2.83783783783784,6.962586328783511
490000,ECL,2020-04-13,-3.81033022861981,-6.64816806645765
490001,ECL,2020-04-14,-2.16962524654832,1.6407049820714903
490002,ECL,2020-04-15,3.1262545821141683,5.295879828662488
490003,ECL,2020-04-16,-1.671270561220434,-4.797525143334602
567242,FB,2019-12-07,-0.8231910994399206,-0.21639133056558102
567243,FB,2019-12-08,-0.7032231169719809,0.11996798246793972
567244,FB,2019-12-09,-0.4597261864789836,0.2434969304929973
567245,FB,2019-12-10,-0.4362134764071916,0.02351271007179201
567246,FB,2019-12-11,-0.7256889290618926,-0.28947545265470104
567247,FB,2019-12-12,-0.5715123342925539,0.15417659476933876
567248,FB,2019-12-13,-0.6662624810574331,-0.09475014676487925
567249,FB,2019-12-14,-0.8157082649458844,-0.1494457838884513
567250,FB,2019-12-15,-0.9085766282755644,-0.09286836332967996
567251,FB,2019-12-16,-0.4421486284469036,0.4664279998286608
567252,FB,2019-12-17,-0.5955345814202985,-0.15338595297339486
567253,FB,2019-12-18,-0.6095031773282492,-0.013968595907950743
567254,FB,2019-12-19,-0.4810209992453925,0.12848217808285672
567255,FB,2019-12-20,-0.5414248360581569,-0.060403836812764455
567256,FB,2019-12-21,-1.3301382950165372,-0.7887134589583803
567257,FB,2019-12-22,-0.9183383211884604,0.41179997382807687
567258,FB,2019-12-23,-0.3906158102058879,0.5277225109825725
567259,FB,2019-12-24,-0.4709319444906394,-0.08031613428475148
567260,FB,2019-12-25,-0.6168920892397955,-0.14596014474915614
567261,FB,2019-12-26,-0.9404149746116554,-0.3235228853718598
567262,FB,2019-12-27,-1.1739227661026117,-0.23350779149095635
567263,FB,2019-12-28,-1.2374884292839343,-0.06356566318132262
567264,FB,2019-12-29,-1.4058963501883204,-0.16840792090438605
567265,FB,2019-12-30,-1.208118679253844,0.1977776709344763
567266,FB,2019-12-31,-1.349382505339768,-0.1412638260859238
567267,FB,2020-01-01,-1.0148164154684174,0.3345660898713505
567268,FB,2020-01-02,-0.8985280466662527,0.11628836880216464
567269,FB,2020-01-03,-1.019664260610549,-0.1211362139442963
567270,FB,2020-01-04,-1.5998331141066764,-0.5801688534961273
567271,FB,2020-01-05,-1.6554173020496783,-0.055584187943001906
567272,FB,2020-01-06,-0.5259915121311858,1.1294257899184925
567273,FB,2020-01-07,-0.9741280406199956,-0.4481365284888098
567274,FB,2020-01-08,-1.1365874997909076,-0.16245945917091198
567275,FB,2020-01-09,-0.9492851407294688,0.18730235906143877
567276,FB,2020-01-10,-0.8352976645401489,0.11398747618931993
567277,FB,2020-01-11,-2.209459699129772,-1.3741620345896233
567278,FB,2020-01-12,-2.335536605174677,-0.12607690604490474
567279,FB,2020-01-13,-0.7872876316525275,1.5482489735221494
567280,FB,2020-01-14,-0.6847980675300218,0.10248956412250565
567281,FB,2020-01-15,-0.6936763400562861,-0.008878272526264275
567282,FB,2020-01-16,-0.4861869331514673,0.20748940690481876
567283,FB,2020-01-17,-0.7327249035025752,-0.24653797035110792
567284,FB,2020-01-18,-0.7179681912447643,0.014756712257810944
567285,FB,2020-01-19,-1.00605855513411,-0.2880903638893456
567286,FB,2020-01-20,-0.7384199085017039,0.267638646632406
567287,FB,2020-01-21,-0.5672275264222693,0.17119238207943466
567288,FB,2020-01-22,-0.6778609844500565,-0.11063345802778723
567289,FB,2020-01-23,-0.5040252448187548,0.17383573963130172
567290,FB,2020-01-24,-0.5360188609530393,-0.03199361613428453
567291,FB,2020-01-25,-0.4625830064010471,0.0734358545519922
567292,FB,2020-01-26,-0.9452003401916268,-0.4826173337905797
567293,FB,2020-01-27,-0.5619862395745698,0.38321410061705696
567294,FB,2020-01-28,-0.6809801068295463,-0.11899386725497652
567295,FB,2020-01-29,-0.7302085187461702,-0.04922841191662386
567296,FB,2020-01-30,-0.7023488896405018,0.027859629105668415
567297,FB,2020-01-31,-1.0013666344207859,-0.2990177447802841
567298,FB,2020-02-01,-1.24981256124231,-0.24844592682152422
567299,FB,2020-02-02,-1.581262755758915,-0.33145019451660485
567300,FB,2020-02-03,-1.0356968605378172,0.5455658952210978
567301,FB,2020-02-04,-0.6902638220112098,0.34543303852660734
567302,FB,2020-02-05,-0.6809570059208647,0.009306816090345116
567303,FB,2020-02-06,-0.5719466373898385,0.10901036853102619
567304,FB,2020-02-07,-0.5943657210544082,-0.022419083664569683
567305,FB,2020-02-08,-1.5336823184060548,-0.9393165973516466
567306,FB,2020-02-09,-2.29457935337712,-0.7608970349710653
567307,FB,2020-02-10,-0.8861781289827021,1.4084012243944182
567308,FB,2020-02-11,-0.5619075295742769,0.3242705994084252
567309,FB,2020-02-12,-0.8546073917644602,-0.2926998621901833
567310,FB,2020-02-13,-0.7427601859732738,0.11184720579118645
567311,FB,2020-02-14,-0.7766141507727576,-0.03385396479948388
567312,FB,2020-02-15,-1.0024690707199986,-0.22585491994724094
567313,FB,2020-02-16,-1.2278249794050478,-0.22535590868504918
567314,FB,2020-02-17,-1.0545209410514311,0.17330403835361663
567315,FB,2020-02-18,-0.9344980333465092,0.12002290770492197
567316,FB,2020-02-19,-0.7487497964849377,0.1857482368615715
567317,FB,2020-02-20,-0.9104396020873718,-0.16168980560243418
567318,FB,2020-02-21,-0.9427590636609734,-0.03231946157360155
567319,FB,2020-02-22,-1.221167189694213,-0.2784081260332395
567320,FB,2020-02-23,-0.9257060847400896,0.29546110495412325
567321,FB,2020-02-24,-0.5896003209695455,0.33610576377054413
567322,FB,2020-02-25,-0.3898926970315399,0.19970762393800562
567323,FB,2020-02-26,-0.6122537658256829,-0.22236106879414302
567324,FB,2020-02-27,-0.5040279453998286,0.10822582042585427
567325,FB,2020-02-28,-0.9333544269687992,-0.4293264815689706
567326,FB,2020-02-29,-0.8748236365125203,0.05853079045627896
567327,FB,2020-03-01,-0.9976958134043462,-0.12287217689182595
567328,FB,2020-03-02,-0.5824917874489315,0.4152040259554147
567329,FB,2020-03-03,-0.9433698651384124,-0.3608780776894809
567330,FB,2020-03-04,-0.8275471572347973,0.11582270790361504
567331,FB,2020-03-05,-1.1193032363889384,-0.29175607915414103
567332,FB,2020-03-06,-1.3423827188164432,-0.22307948242750486
567333,FB,2020-03-07,-1.4807318251125494,-0.1383491062961062
567334,FB,2020-03-08,-0.9143127756769244,0.566419049435625
567335,FB,2020-03-09,-0.7617153478450578,0.15259742783186658
567336,FB,2020-03-10,-0.9667375727980432,-0.2050222249529854
567337,FB,2020-03-11,-0.7906787169715447,0.1760588558264985
567338,FB,2020-03-12,-1.1583685880559156,-0.3676898710843709
567339,FB,2020-03-13,-0.9491144530393868,0.20925413501652879
567340,FB,2020-03-14,-1.009768054731391,-0.06065360169200418
567341,FB,2020-03-15,-1.1524190879908434,-0.1426510332594524
567342,FB,2020-03-16,-0.9940680089486356,0.1583510790422078
567343,FB,2020-03-17,-0.9016104080838262,0.09245760086480936
567344,FB,2020-03-18,-1.0792808100808082,-0.17767040199698203
567345,FB,2020-03-19,-1.026358650748323,0.05292215933248512
567346,FB,2020-03-20,-1.0727940139961452,-0.04643536324782205
567347,FB,2020-03-21,-0.8497255008306956,0.2230685131654495
567348,FB,2020-03-22,-1.30058150424045,-0.4508560034097544
567349,FB,2020-03-23,-0.9352603409395625,0.3653211633008876
567350,FB,2020-03-24,-0.9059968448958572,0.02926349604370526
567351,FB,2020-03-25,-0.8751825208108996,0.030814324084957545
567352,FB,2020-03-26,-0.878487476085323,-0.0033049552744233157
567353,FB,2020-03-27,-0.9598771640072432,-0.08138968792192025
567354,FB,2020-03-28,-0.8943535885857394,0.06552357542150378
567355,FB,2020-03-29,-1.2088368736163135,-0.3144832850305741
567356,FB,2020-03-30,-0.7934768839928905,0.415359989623423
567357,FB,2020-03-31,-0.7263288262293708,0.06714805776351973
567358,FB,2020-04-01,-0.4988837069238087,0.2274451193055621
567359,FB,2020-04-02,-0.6848270847773852,-0.1859433778535765
567360,FB,2020-04-03,-0.7926013717116608,-0.1077742869342756
567361,FB,2020-04-04,-0.8418739531982061,-0.04927258148654534
567362,FB,2020-04-05,-0.8638652112014283,-0.021991258003222214
567363,FB,2020-04-06,-0.8462620820338578,0.017603129167570564
567364,FB,2020-04-07,-0.6338679850251723,0.2123940970086855
567365,FB,2020-04-08,-0.7484806274882437,-0.11461264246307146
567366,FB,2020-04-09,-0.5583527798507728,0.19012784763747093
567367,FB,2020-04-10,-0.7802061032074403,-0.22185332335666752
567368,FB,2020-04-11,-0.7697934609930246,0.010412642214415735
567369,FB,2020-04-12,-0.8952633286371208,-0.12546986764409618
567370,FB,2020-04-13,-1.1521712019216357,-0.2569078732845149
567371,FB,2020-04-14,-0.9850515228967696,0.16711967902486613
567372,FB,2020-04-15,-0.5726696158226333,0.41238190707413624
567373,FB,2020-04-16,-0.704425357993208,-0.13175574217057473
567374,FB,2020-04-17,-0.9654852937436232,-0.2610599357504152
567375,FB,2020-04-18,-1.1078077357450355,-0.1423224420014123
567376,FB,2020-04-19,-1.3301190078061778,-0.2223112720611422
567377,FB,2020-04-20,-1.1437335067743497,0.18638550103182805
567378,FB,2020-04-21,-0.90067691530883,0.24305659146551972
567379,FB,2020-04-22,-0.5117466388107881,0.3889302764980419
631718,GE,2019-12-08,2.0409598300474747,3.8716417381975683
631719,GE,2019-12-09,0.7449641087381281,-1.2959957213093465
631720,GE,2019-12-10,0.9237752054078824,0.17881109666975425
631721,GE,2019-12-11,2.3244369031691625,1.4006616977612802
631722,GE,2019-12-12,0.07509074091607093,-2.2493461622530915
631723,GE,2019-12-13,2.047742186310171,1.9726514453940998
631724,GE,2019-12-14,0.9103864584247574,-1.1373557278854134
631725,GE,2019-12-15,1.998150811588248,1.0877643531634906
631726,GE,2019-12-16,2.0049727732334635,0.006821961645215424
631727,GE,2019-12-17,1.929570238463972,-0.07540253476949155
631728,GE,2019-12-18,0.4113853056530738,-1.518184932810898
631729,GE,2019-12-19,0.2429510369173469,-0.1684342687357269
631730,GE,2019-12-20,0.9761525583844954,0.7332015214671486
631731,GE,2019-12-21,-0.3269556756933275,-1.3031082340778228
631732,GE,2019-12-22,0.9470636983600148,1.2740193740533423
631733,GE,2019-12-23,1.1174972437278292,0.1704335453678144
631734,GE,2019-12-24,1.1990301106178698,0.08153286689004058
631735,GE,2019-12-25,-0.2379180270305184,-1.4369481376483881
631736,GE,2019-12-26,0.8657977676893617,1.1037157947198801
631737,GE,2019-12-27,0.9301570874066946,0.06435931971733289
631738,GE,2019-12-28,-1.2047648719141193,-2.1349219593208137
631739,GE,2019-12-29,-0.8039842541877978,0.40078061772632145
631740,GE,2019-12-30,1.8408105416817244,2.6447947958695224
631741,GE,2019-12-31,0.6958199161844164,-1.1449906254973081
631742,GE,2020-01-01,-0.7897628155191584,-1.4855827317035748
631743,GE,2020-01-02,2.149939279807063,2.9397020953262216
631744,GE,2020-01-03,0.3556330783953056,-1.7943062014117575
631745,GE,2020-01-04,-0.668997043354277,-1.0246301217495826
631746,GE,2020-01-05,-1.6692241643593542,-1.0002271210050773
631747,GE,2020-01-06,0.6037972335846845,2.2730213979440386
631748,GE,2020-01-07,-0.11622229447077374,-0.7200195280554582
631749,GE,2020-01-08,2.528464546330248,2.644686840801022
631750,GE,2020-01-09,0.7263249631545898,-1.8021395831756584
631751,GE,2020-01-10,0.6640921775206079,-0.062232785633981935
631752,GE,2020-01-11,2.528051220473461,1.863959042952853
631753,GE,2020-01-12,-2.5713117683118867,-5.099362988785348
631754,GE,2020-01-13,1.847885425894274,4.419197194206161
631755,GE,2020-01-14,2.139011428368637,0.29112600247436293
631756,GE,2020-01-15,1.2848869646863408,-0.8541244636822962
631757,GE,2020-01-16,1.006576858277058,-0.2783101064092828
631758,GE,2020-01-17,0.12718865534464288,-0.8793882029324152
631759,GE,2020-01-18,0.7054041627738942,0.5782155074292513
631760,GE,2020-01-19,0.29726442387849805,-0.4081397388953961
631761,GE,2020-01-20,0.8246531757738107,0.5273887518953126
631762,GE,2020-01-21,1.7006041539741652,0.8759509782003545
631763,GE,2020-01-22,1.370373142281698,-0.33023101169246716
631764,GE,2020-01-23,0.9136598993272944,-0.45671324295440363
631765,GE,2020-01-24,-0.964758275649972,-1.8784181749772664
631766,GE,2020-01-25,-0.4580362248818402,0.5067220507681318
631767,GE,2020-01-26,2.2771257593750667,2.735161984256907
631768,GE,2020-01-27,1.5920049644418304,-0.6851207949332363
631769,GE,2020-01-28,0.33281138077300965,-1.2591935836688206
631770,GE,2020-01-29,0.9223468483111998,0.5895354675381902
631771,GE,2020-01-30,-0.4575384007289267,-1.3798852490401265
631772,GE,2020-01-31,0.10479840805876696,0.5623368087876937
631773,GE,2020-02-01,0.6007057313568727,0.4959073232981057
631774,GE,2020-02-02,1.165768905787915,0.5650631744310424
631775,GE,2020-02-03,1.3043774855824468,0.13860857979453178
631776,GE,2020-02-04,1.141177333675142,-0.16320015190730475
631777,GE,2020-02-05,0.2872557555518088,-0.8539215781233332
631778,GE,2020-02-06,0.2176300130572769,-0.06962574249453193
631779,GE,2020-02-07,0.3503675858842223,0.1327375728269454
631780,GE,2020-02-08,0.4316756074509692,0.08130802156674694
631781,GE,2020-02-09,1.0538044434160097,0.6221288359650404
631782,GE,2020-02-10,1.1925283243377915,0.1387238809217819
631783,GE,2020-02-11,2.2270757808647152,1.0345474565269237
631784,GE,2020-02-12,1.2592960940367757,-0.9677796868279396
631785,GE,2020-02-13,2.443323681309186,1.1840275872724102
631786,GE,2020-02-14,1.5043184247440968,-0.939005256565089
631787,GE,2020-02-15,1.158611079870531,-0.3457073448735659
631788,GE,2020-02-16,2.1116979655712047,0.9530868857006738
631789,GE,2020-02-17,2.0335769316123637,-0.07812103395884096
631790,GE,2020-02-18,1.94913299810114,-0.0844439335112237
631791,GE,2020-02-19,0.665511654078561,-1.283621344022579
631792,GE,2020-02-20,-0.02140454146341168,-0.6869161955419727
631793,GE,2020-02-21,0.7828520294814209,0.8042565709448325
631794,GE,2020-02-22,1.0273973693171388,0.2445453398357179
631795,GE,2020-02-23,5.63380281690141,4.606405447584271
631796,GE,2020-02-24,2.719056900150264,-2.914745916751146
631797,GE,2020-02-25,-1.0039420551255285,-3.7229989552757923
631798,GE,2020-02-26,0.3340171809642917,1.3379592360898203
631799,GE,2020-02-27,0.9819319058205316,0.6479147248562398
631800,GE,2020-02-28,1.3155588401146605,0.33362693429412893
631801,GE,2020-02-29,-0.5290087921909369,-1.8445676323055973
631802,GE,2020-03-01,-0.02301698039927948,0.5059918117916574
631803,GE,2020-03-02,0.5284597046999283,0.5514766850992078
631804,GE,2020-03-03,0.9384397748811596,0.4099800701812313
631805,GE,2020-03-04,0.7974861238926584,-0.1409536509885012
631806,GE,2020-03-05,-0.1645108960692948,-0.9619970199619532
631807,GE,2020-03-06,-0.7817322807943066,-0.6172213847250118
631808,GE,2020-03-07,-2.112586970271978,-1.3308546894776716
631809,GE,2020-03-08,-0.4716415512969409,1.6409454189750372
631810,GE,2020-03-09,0.9057112081331362,1.3773527594300772
631811,GE,2020-03-10,2.803323251530916,1.8976120433977797
631812,GE,2020-03-11,-0.1863518328325132,-2.989675084363429
631813,GE,2020-03-12,-1.1547336369551335,-0.9683818041226203
631814,GE,2020-03-13,0.6848148997507741,1.8395485367059077
631815,GE,2020-03-14,-0.8244851181447388,-1.509300017895513
631816,GE,2020-03-15,-0.3508277821316614,0.4736573360130774
631817,GE,2020-03-16,-0.2160740604709351,0.13475372166072627
631818,GE,2020-03-17,-0.4468324564343845,-0.2307583959634494
631819,GE,2020-03-18,-1.1297339492682978,-0.6829014928339133
631820,GE,2020-03-19,-0.6193252616927729,0.5104086875755249
631821,GE,2020-03-20,-0.8629025655541611,-0.2435773038613882
631822,GE,2020-03-21,-1.1491587854159044,-0.2862562198617433
631823,GE,2020-03-22,-0.8325126060424676,0.31664617937343686
631824,GE,2020-03-23,-1.6322651159909591,-0.7997525099484916
631825,GE,2020-03-24,-0.701308255273611,0.9309568607173482
631826,GE,2020-03-25,-0.3098888875154349,0.39141936775817604
631827,GE,2020-03-26,-0.8357921385069436,-0.5259032509915087
631828,GE,2020-03-27,-1.2812083587257252,-0.4454162202187817
631829,GE,2020-03-28,-1.807451284064391,-0.5262429253386658
631830,GE,2020-03-29,-0.5935549994864759,1.213896284577915
631831,GE,2020-03-30,-0.3141531474469401,0.2794018520395358
631832,GE,2020-03-31,0.1566722377741017,0.4708253852210418
631833,GE,2020-04-01,-0.15587463910594296,-0.3125468768800447
631834,GE,2020-04-02,-0.4148514264556653,-0.25897678734972235
631835,GE,2020-04-03,-0.3946939744358652,0.020157452019800126
631836,GE,2020-04-04,0.3852597328484473,0.7799537072843125
631837,GE,2020-04-05,-0.2441317991607224,-0.6293915320091696
631838,GE,2020-04-06,-0.10832190546263816,0.13580989369808422
631839,GE,2020-04-07,-0.7525038865416183,-0.6441819810789801
631840,GE,2020-04-08,-0.294807038065596,0.45769684847602227
631841,GE,2020-04-09,0.10007845166547542,0.3948854897310714
631842,GE,2020-04-10,-0.4108580886533559,-0.5109365403188313
631843,GE,2020-04-11,-0.06354972546479222,0.3473083631885637
631844,GE,2020-04-12,1.5242679502607266,1.587817675725519
631845,GE,2020-04-13,0.11094258141253112,-1.4133253688481955
631846,GE,2020-04-14,0.19466766347885212,0.083725082066321
631847,GE,2020-04-15,-0.19023927011781172,-0.38490693359666384
631848,GE,2020-04-16,0.012207433334957244,0.20244670345276897
631849,GE,2020-04-17,-0.4451283831330843,-0.4573358164680415
631850,GE,2020-04-18,-0.96589951808188,-0.5207711349487958
631851,GE,2020-04-19,0.6232076070047643,1.5891071250866444
631852,GE,2020-04-20,0.2762081173588872,-0.3469994896458771
631853,GE,2020-04-21,-0.8496950312433524,-1.1259031486022395
631854,GE,2020-04-22,-0.045514847147642,0.8041801840957105
667823,GS,2019-12-07,-1.2129617438632552,-0.9283099090856849
667824,GS,2019-12-08,-0.18231140514369126,1.030650338719564
667825,GS,2019-12-09,-0.8670476663906673,-0.6847362612469761
667826,GS,2019-12-10,-1.0188397089439956,-0.15179204255332823
667827,GS,2019-12-11,-0.3259988743534662,0.6928408345905294
667828,GS,2019-12-12,-0.7078079861603506,-0.38180911180688437
667829,GS,2019-12-13,-0.6122548944389763,0.09555309172137427
667830,GS,2019-12-14,-0.6562726189754976,-0.04401772453652131
667831,GS,2019-12-15,-0.4246080425467516,0.231664576428746
667832,GS,2019-12-16,-0.3958656091538913,0.02874243339286031
667833,GS,2019-12-17,-0.450764988704958,-0.05489937955106672
667834,GS,2019-12-18,-0.5304551082869835,-0.07969011958202549
667835,GS,2019-12-19,-1.2327043098572494,-0.7022492015702659
667836,GS,2019-12-20,-1.4298819213168843,-0.19717761145963486
667837,GS,2019-12-21,-0.4223288192986229,1.0075531020182613
667838,GS,2019-12-22,-0.7204790348462283,-0.2981502155476054
667839,GS,2019-12-23,-1.2780876556271643,-0.557608620780936
667840,GS,2019-12-24,-0.8074377804196707,0.4706498752074936
667841,GS,2019-12-25,-0.40388899727860905,0.4035487831410617
667842,GS,2019-12-26,-1.4158219719153713,-1.0119329746367622
667843,GS,2019-12-27,-0.6675973098813343,0.748224662034037
667844,GS,2019-12-28,-1.261677228101188,-0.5940799182198538
667845,GS,2019-12-29,-0.9615616441514588,0.30011558394972926
667846,GS,2019-12-30,-1.1620204280332815,-0.2004587838818227
667847,GS,2019-12-31,-1.2662584403730828,-0.10423801233980123
667848,GS,2020-01-01,-1.80587761157018,-0.5396191711970972
667849,GS,2020-01-02,-1.0988317954109577,0.7070458161592224
667850,GS,2020-01-03,-1.1471550420059669,-0.048323246595009195
667851,GS,2020-01-04,-1.9707518895819145,-0.8235968475759476
667852,GS,2020-01-05,-2.352647218074678,-0.38189532849276353
667853,GS,2020-01-06,-2.7785835624204624,-0.4259363443457844
667854,GS,2020-01-07,-1.1441682782549347,1.6344152841655277
667855,GS,2020-01-08,-2.3126258182015778,-1.168457539946643
667856,GS,2020-01-09,-0.7069010832415747,1.605724734960003
667857,GS,2020-01-10,-2.2090041527745954,-1.5021030695330206
667858,GS,2020-01-11,-2.7809963988743225,-0.5719922460997271
667859,GS,2020-01-12,-1.890829525518392,0.8901668733559305
667860,GS,2020-01-13,-0.3629462829084391,1.527883242609953
667861,GS,2020-01-14,-0.4048478328468584,-0.04190154993841927
667862,GS,2020-01-15,-0.454966040320883,-0.05011820747402462
667863,GS,2020-01-16,-0.9975326253119072,-0.5425665849910242
667864,GS,2020-01-17,-0.4005296575331757,0.5970029677787315
667865,GS,2020-01-18,-0.2203935051505392,0.1801361523826365
667866,GS,2020-01-19,-0.05028501204347634,0.17010849310706289
667867,GS,2020-01-20,0.12128330574565288,0.17156831778912923
667868,GS,2020-01-21,-0.4127879261653056,-0.5340712319109584
667869,GS,2020-01-22,-1.8035476610699164,-1.3907597349046108
667870,GS,2020-01-23,-1.2620135596230684,0.541534101446848
667871,GS,2020-01-24,-1.4868703691901672,-0.22485680956709886
667872,GS,2020-01-25,-1.5355287330484173,-0.048658363858250064
667873,GS,2020-01-26,-1.4012003818013523,0.134328351247065
667874,GS,2020-01-27,-1.4502951125815904,-0.04909473078023807
667875,GS,2020-01-28,-1.2328352973691554,0.21745981521243496
667876,GS,2020-01-29,-0.8792924844845812,0.35354281288457423
667877,GS,2020-01-30,0.4894611693739867,1.3687536538585678
667878,GS,2020-01-31,-0.24840903955324856,-0.7378702089272353
667879,GS,2020-02-01,-0.6262953297312278,-0.37788629017797926
667880,GS,2020-02-02,-2.7800101750359905,-2.1537148453047625
667881,GS,2020-02-03,-1.2713458380127978,1.5086643370231927
667882,GS,2020-02-04,-1.7222562483626307,-0.4509104103498329
667883,GS,2020-02-05,-0.9958376206311884,0.7264186277314423
667884,GS,2020-02-06,-0.888473767070158,0.1073638535610304
667885,GS,2020-02-07,-0.8907444284251741,-0.0022706613550160792
667886,GS,2020-02-08,-2.834311659812585,-1.9435672313874108
667887,GS,2020-02-09,-2.63711369758067,0.1971979622319151
667888,GS,2020-02-10,-1.1498236744061785,1.4872900231744914
667889,GS,2020-02-11,-0.4696380421153841,0.6801856322907944
667890,GS,2020-02-12,-0.4322579265741789,0.03738011554120524
667891,GS,2020-02-13,-0.4430724604048048,-0.010814533830625916
667892,GS,2020-02-14,-0.16942663330671462,0.27364582709809016
667893,GS,2020-02-15,-0.7582472707233514,-0.5888206374166368
667894,GS,2020-02-16,-1.0401601150643411,-0.28191284434098973
667895,GS,2020-02-17,-1.6012098731709252,-0.5610497581065841
667896,GS,2020-02-18,-0.6211721291321319,0.9800377440387933
667897,GS,2020-02-19,-0.4928691664579386,0.12830296267419333
667898,GS,2020-02-20,-0.868369390724981,-0.3755002242670424
667899,GS,2020-02-21,-0.2785184325311911,0.5898509581937899
667900,GS,2020-02-22,-0.5563649154745052,-0.2778464829433141
667901,GS,2020-02-23,-0.5670936836740156,-0.010728768199510408
667902,GS,2020-02-24,-1.6720956355383636,-1.105001951864348
667903,GS,2020-02-25,-0.7340319285551703,0.9380637069831933
667904,GS,2020-02-26,-0.9258977246703948,-0.19186579611522447
667905,GS,2020-02-27,-1.80701779983358,-0.8811200751631851
667906,GS,2020-02-28,-1.8926004232209408,-0.08558262338736089
667907,GS,2020-02-29,-2.549557965537544,-0.6569575423166034
667908,GS,2020-03-01,-2.0543482558989403,0.4952097096386039
667909,GS,2020-03-02,-1.940681564221644,0.11366669167729637
667910,GS,2020-03-03,-2.275092199218129,-0.33441063499648505
667911,GS,2020-03-04,-2.0151844760279247,0.2599077231902043
667912,GS,2020-03-05,-1.7131052494621106,0.3020792265658141
667913,GS,2020-03-06,-2.6044560133261685,-0.8913507638640579
667914,GS,2020-03-07,-2.0521086868973155,0.552347326428853
667915,GS,2020-03-08,-1.996318446330976,0.05579024056633952
667916,GS,2020-03-09,-3.4356523131452223,-1.4393338668142464
667917,GS,2020-03-10,-2.0524096564569523,1.38324265668827
667918,GS,2020-03-11,-2.6050965242947366,-0.5526868678377843
667919,GS,2020-03-12,-2.3578176541565905,0.2472788701381461
667920,GS,2020-03-13,-2.535522386103827,-0.17770473194723646
667921,GS,2020-03-14,-3.4028150016312275,-0.8672926155274006
667922,GS,2020-03-15,-2.8801417528491497,0.5226732487820778
667923,GS,2020-03-16,-2.8064750934457114,0.0736666594034383
667924,GS,2020-03-17,-2.9002142057160647,-0.09373911227035325
667925,GS,2020-03-18,-3.2127116298101632,-0.31249742409409853
667926,GS,2020-03-19,-2.9057434005320784,0.30696822927808487
667927,GS,2020-03-20,-2.5795928071971432,0.3261505933349351
667928,GS,2020-03-21,-2.9360545756933933,-0.3564617684962501
667929,GS,2020-03-22,-3.01891645317498,-0.0828618774815868
667930,GS,2020-03-23,-3.1488906217731976,-0.12997416859821742
667931,GS,2020-03-24,-2.2637522368922163,0.8851383848809813
667932,GS,2020-03-25,-2.590884544958276,-0.32713230806605953
667933,GS,2020-03-26,-3.213811563288226,-0.6229270183299502
667934,GS,2020-03-27,-2.3891156997978227,0.8246958634904034
667935,GS,2020-03-28,-2.5385944252027977,-0.14947872540497498
667936,GS,2020-03-29,-2.963460531025332,-0.4248661058225345
667937,GS,2020-03-30,-3.5076364819149,-0.544175950889568
667938,GS,2020-03-31,-2.77444327872944,0.73319320318546
667939,GS,2020-04-01,-2.9043704078031665,-0.12992712907372628
667940,GS,2020-04-02,-2.4068875963183567,0.4974828114848098
667941,GS,2020-04-03,-2.5035823157946324,-0.09669471947627573
667942,GS,2020-04-04,-3.0278206912174173,-0.5242383754227848
667943,GS,2020-04-05,-3.2048680195966677,-0.1770473283792504
667944,GS,2020-04-06,-2.2840203571084188,0.9208476624882489
667945,GS,2020-04-07,-1.850687635854132,0.4333327212542868
667946,GS,2020-04-08,-2.9808782218053835,-1.1301905859512515
667947,GS,2020-04-09,-2.6845493421176108,0.2963288796877728
667948,GS,2020-04-10,-2.0849373584411346,0.5996119836764762
667949,GS,2020-04-11,-1.9558448928563072,0.12909246558482734
667950,GS,2020-04-12,-2.2518783906765747,-0.29603349782026744
667951,GS,2020-04-13,-1.95760413980093,0.2942742508756446
667952,GS,2020-04-14,-1.6236940928995944,0.33391004690133563
667953,GS,2020-04-15,-2.2248258840188337,-0.6011317911192393
667954,GS,2020-04-16,-2.5050983826162345,-0.2802724985974008
667955,GS,2020-04-17,-1.661942328398765,0.8431560542174694
667956,GS,2020-04-18,-1.3965568597851552,0.2653854686136099
667957,GS,2020-04-19,-1.9510623699940424,-0.5545055102088872
667958,GS,2020-04-20,-2.225478926323865,-0.27441655632982265
667959,GS,2020-04-21,-2.4678499869224497,-0.2423710605985847
667960,GS,2020-04-22,-1.7479812096486482,0.7198687772738015
1039199,NEE,2019-12-07,0.6941856454399393,1.90768197933441
1039200,NEE,2019-12-08,-0.11504170261719862,-0.8092273480571379
1039201,NEE,2019-12-09,0.12002057861957502,0.23506228123677364
1039202,NEE,2019-12-10,0.2239548908312514,0.10393431221167637
1039203,NEE,2019-12-11,0.6750158996226456,0.4510610087913942
1039204,NEE,2019-12-12,0.7914404317247261,0.11642453210208048
1039205,NEE,2019-12-13,-1.2322643017873989,-2.023704733512125
1039208,NEE,2019-12-16,0.6170546262102982,-0.511392627147876
1039209,NEE,2019-12-17,-1.1220858198895582,-1.7391404460998565
1039210,NEE,2019-12-18,0.5730266060844534,1.6951124259740116
1039211,NEE,2019-12-19,-0.21518484895816314,-0.7882114550426166
1039212,NEE,2019-12-20,2.1661378323224687,2.381322681280632
1039213,NEE,2019-12-21,0.20222446916076814,-1.9639133631617005
1039214,NEE,2019-12-22,0.5013867182206645,0.29916224905989636
1039215,NEE,2019-12-23,-1.091819755615058,-1.5932064738357226
1039216,NEE,2019-12-24,0.13683598166903635,1.2286557372840943
1039217,NEE,2019-12-25,0.7103546530128159,0.5735186713437795
1039218,NEE,2019-12-26,-0.7127772423265676,-1.4231318953393834
1039219,NEE,2019-12-27,-0.6322556875187021,0.08052155480786549
1039220,NEE,2019-12-28,-0.3833853829450028,0.2488703045736993
1039221,NEE,2019-12-29,-1.418173128145895,-1.0347877452008922
1039222,NEE,2019-12-30,-0.8750369921101591,0.5431361360357359
1039223,NEE,2019-12-31,0.139665101366495,1.014702093476654
1039224,NEE,2020-01-01,0.7362837871138137,0.5966186857473187
1039225,NEE,2020-01-02,0.2735661265825453,-0.4627176605312684
1039226,NEE,2020-01-03,0.5544858169096234,0.2809196903270781
1039227,NEE,2020-01-04,-0.8117489595733751,-1.3662347764829985
1039228,NEE,2020-01-05,0.16786794453712794,0.9796169041105031
1039229,NEE,2020-01-06,-0.22240571335900866,-0.3902736578961366
1039232,NEE,2020-01-09,-1.1812942329914706,0.023803155883371785
1039233,NEE,2020-01-10,0.3999363385293545,1.581230571520825
1039234,NEE,2020-01-11,1.0979179019790395,0.697981563449685
1039235,NEE,2020-01-12,-0.12453300124532996,-1.2224509032243693
1039236,NEE,2020-01-13,0.9614141900545644,1.0859471912998944
1039237,NEE,2020-01-14,2.077355938307212,1.1159417482526477
1039238,NEE,2020-01-15,-0.015422137939772668,-2.0927780762469848
1039239,NEE,2020-01-16,-0.5514561628061945,-0.5360340248664218
1039240,NEE,2020-01-17,0.2494001030018338,0.8008562658080283
1039241,NEE,2020-01-18,-0.37314354524952426,-0.622543648251358
1039242,NEE,2020-01-19,0.1516362156590751,0.5247797609085993
1039243,NEE,2020-01-20,-2.7194565366977503,-2.8710927523568253
1039244,NEE,2020-01-21,3.314945152107728,6.034401688805478
1039245,NEE,2020-01-22,0.9140969229103059,-2.4008482291974222
1039246,NEE,2020-01-23,2.844726085770381,1.9306291628600754
1039247,NEE,2020-01-24,1.6315053007488924,-1.2132207850214887
1039248,NEE,2020-01-25,2.5152822167747524,0.88377691602586
1039249,NEE,2020-01-26,3.1435534857833614,0.628271269008609
1039250,NEE,2020-01-27,1.0766338484607358,-2.0669196373226253
1039251,NEE,2020-01-28,1.0460192902865115,-0.030614558174224316
1039252,NEE,2020-01-29,-0.005395739673703764,-1.0514150299602152
1039253,NEE,2020-01-30,1.3598052045776443,1.365200944251348
1039254,NEE,2020-01-31,1.9016607605739704,0.5418555559963261
1039255,NEE,2020-02-01,2.3142509135201,0.41259015294612955
1039258,NEE,2020-02-04,-1.1850722148012416,-2.2048602266200503
1039259,NEE,2020-02-05,-0.11346898844826753,1.071603226352974
1039260,NEE,2020-02-06,0.5818880870001559,0.6953570754484235
1039261,NEE,2020-02-07,0.10676315391956513,-0.4751249330805908
1039262,NEE,2020-02-08,-0.5468646848733526,-0.6536278387929177
1039263,NEE,2020-02-09,-1.1474137001656854,-0.6005490152923328
1039264,NEE,2020-02-10,0.8034123236084189,1.9508260237741042
1039265,NEE,2020-02-11,-0.1687825515765521,-0.9721948751849709
1039266,NEE,2020-02-12,-0.15482946843815593,0.01395308313839616
1039267,NEE,2020-02-13,0.6786612594153822,0.8334907278535382
1039268,NEE,2020-02-14,-0.7525314499010604,-1.4311927093164427
1039269,NEE,2020-02-15,0.4138069683566038,1.1663384182576642
1039270,NEE,2020-02-16,-0.4923347457501656,-0.9061417141067694
1039271,NEE,2020-02-17,-0.5813605828042673,-0.08902583705410166
1039272,NEE,2020-02-18,-1.8418946534468648,-1.2605340706425974
1039273,NEE,2020-02-19,-0.6406414317419364,1.2012532217049283
1039274,NEE,2020-02-20,0.6968042566324205,1.3374456883743568
1039275,NEE,2020-02-21,-0.5806086222757535,-1.277412878908174
1039276,NEE,2020-02-22,1.8377409233527604,2.418349545628514
1039277,NEE,2020-02-23,0.8315385767894192,-1.0062023465633412
1039278,NEE,2020-02-24,0.15947320529435388,-0.6720653714950653
1039279,NEE,2020-02-25,1.6311285520942955,1.4716553467999416
1039280,NEE,2020-02-26,2.726321864643721,1.0951933125494255
1039281,NEE,2020-02-27,1.5371592915240169,-1.1891625731197042
1039282,NEE,2020-02-28,1.1647984599468328,-0.372360831577184
1039283,NEE,2020-02-29,0.9961782715482436,-0.16862018839858928
1039284,NEE,2020-03-01,1.2584778522232822,0.26229958067503867
1039285,NEE,2020-03-02,-2.775959265320968,-4.03443711754425
1039286,NEE,2020-03-03,0.7703301407309112,3.5462894060518795
1039287,NEE,2020-03-04,-0.8214912241625215,-1.5918213648934327
1039288,NEE,2020-03-05,-0.750195106732236,0.07129611743028552
1039289,NEE,2020-03-06,-0.08890869231541491,0.6612864144168211
1039290,NEE,2020-03-07,-0.0066587783857926155,0.0822499139296223
1039291,NEE,2020-03-08,-0.2743372798269977,-0.2676785014412051
1039292,NEE,2020-03-09,-0.791796042681299,-0.5174587628543013
1039293,NEE,2020-03-10,-1.7267319399678114,-0.9349358972865124
1039294,NEE,2020-03-11,0.2305134067047609,1.9572453466725723
1039295,NEE,2020-03-12,-3.5214447349808577,-3.7519581416856185
1039296,NEE,2020-03-13,-1.6352319260152741,1.8862128089655836
1039297,NEE,2020-03-14,0.6031363088057901,2.2383682348210643
1039298,NEE,2020-03-15,-3.2940707557456137,-3.8972070645514036
1039299,NEE,2020-03-16,-1.2152331410561314,2.0788376146894825
1039300,NEE,2020-03-17,-2.0048024842598595,-0.7895693432037281
1039301,NEE,2020-03-18,-0.2384373810182268,1.7663651032416328
1039302,NEE,2020-03-19,0.5343276219254667,0.7727650029436934
1039303,NEE,2020-03-20,-0.7292555477645289,-1.2635831696899955
1039304,NEE,2020-03-21,0.920245398773006,1.649500946537535
1039305,NEE,2020-03-22,0.3903200624512103,-0.5299253363217957
1039306,NEE,2020-03-23,-0.7672555834953882,-1.1575756459465985
1039307,NEE,2020-03-24,0.7045979652204182,1.4718535487158064
1039308,NEE,2020-03-25,0.3643906926952575,-0.3402072725251607
1039309,NEE,2020-03-26,0.1556982264278337,-0.20869246626742377
1039310,NEE,2020-03-27,-0.6104604644199026,-0.7661586908477364
1039311,NEE,2020-03-28,-0.7989783683583793,-0.18851790393847667
1039312,NEE,2020-03-29,-1.0959677451333705,-0.29698937677499115
1039313,NEE,2020-03-30,-0.16176511788631426,0.9342026272470563
1039314,NEE,2020-03-31,0.2188100573064113,0.38057517519272555
1039315,NEE,2020-04-01,-0.6665911483441048,-0.885401205650516
1039316,NEE,2020-04-02,1.7532419809882265,2.419833129332331
1039317,NEE,2020-04-03,-2.887809085231067,-4.641051066219293
1039318,NEE,2020-04-04,1.0830445059924343,3.9708535912235012
1039319,NEE,2020-04-05,0.6372664668006411,-0.44577803919179315
1039320,NEE,2020-04-06,-1.4943305530035624,-2.131597019804204
1039321,NEE,2020-04-07,-0.35804505890021443,1.136285494103348
1039322,NEE,2020-04-08,-0.4534441684916481,-0.09539910959143366
1039323,NEE,2020-04-09,-0.6178842732817142,-0.16444010479006615
1039324,NEE,2020-04-10,1.0101950062586469,1.6280792795403611
1039325,NEE,2020-04-11,-1.7777777777777797,-2.787972784036427
1039328,NEE,2020-04-14,-2.4831306554351142,-0.9951576968470122
1039329,NEE,2020-04-15,1.782514757699358,4.2656454131344725
1039330,NEE,2020-04-16,0.17600610166041128,-1.6065086560389468
1039331,NEE,2020-04-17,-0.7224832475156043,-0.8984893491760156
1039332,NEE,2020-04-18,1.7602495543672037,2.482732801882808
1039333,NEE,2020-04-19,-1.619897952699798,-3.3801475070670017
1039334,NEE,2020-04-20,-2.224425847933691,-0.6045278952338928
1039335,NEE,2020-04-21,-1.6779901389839231,0.5464357089497678
1039336,NEE,2020-04-22,-0.21262422298543407,1.465365915998489
1549841,WMT,2019-12-07,-0.8269542111304863,1.0202708390486346
1549842,WMT,2019-12-08,-0.4890789867287724,0.33787522440171386
1549843,WMT,2019-12-09,-0.11322170303564445,0.375857283693128
1549844,WMT,2019-12-10,-0.4374434078774004,-0.32422170484175594
1549845,WMT,2019-12-11,0.1792911130375658,0.6167345209149662
1549846,WMT,2019-12-12,0.1523623459085764,-0.026928767128989423
1549847,WMT,2019-12-13,-0.6962579939959185,-0.8486203399044949
1549848,WMT,2019-12-14,-0.4577640605825288,0.2384939334133897
1549849,WMT,2019-12-15,-0.1194502259523583,0.3383138346301705
1549850,WMT,2019-12-16,-0.8446495745162795,-0.7251993485639212
1549851,WMT,2019-12-17,-1.208961403473118,-0.36431182895683845
1549852,WMT,2019-12-18,-0.0764104853049412,1.1325509181681768
1549853,WMT,2019-12-19,-0.7906102712295479,-0.7141997859246066
1549854,WMT,2019-12-20,-0.9412130807550816,-0.15060280952553373
1549855,WMT,2019-12-21,-1.4761408509912863,-0.5349277702362047
1549856,WMT,2019-12-22,-1.2031380500299538,0.27300280096133256
1549857,WMT,2019-12-23,-0.9807344183503576,0.2224036316795962
1549858,WMT,2019-12-24,-0.8796055866589125,0.10112883169144504
1549859,WMT,2019-12-25,-0.5978190816343889,0.2817865050245236
1549860,WMT,2019-12-26,-1.2306265267992846,-0.6328074451648957
1549861,WMT,2019-12-27,-1.6239323106542831,-0.3933057838549985
1549862,WMT,2019-12-28,-3.648954369506424,-2.025022058852141
1549863,WMT,2019-12-29,-2.7833825338106206,0.8655718356958033
1549864,WMT,2019-12-30,-1.4181910409739351,1.3651914928366855
1549865,WMT,2019-12-31,-2.0641363588350408,-0.6459453178611057
1549866,WMT,2020-01-01,-1.5251213304177802,0.5390150284172606
1549867,WMT,2020-01-02,-0.9569587766187064,0.5681625537990738
1549868,WMT,2020-01-03,-1.6886107128738617,-0.7316519362551552
1549869,WMT,2020-01-04,-2.099047361654597,-0.4104366487807354
1549870,WMT,2020-01-05,-1.001979014054301,1.097068347600296
1549871,WMT,2020-01-06,-1.514058440881787,-0.512079426827486
1549872,WMT,2020-01-07,-2.232604145217536,-0.718545704335749
1549873,WMT,2020-01-08,-0.9642574630823276,1.2683466821352085
1549874,WMT,2020-01-09,-1.043605054961539,-0.07934759187921137
1549875,WMT,2020-01-10,-1.0385731339300477,0.005031921031491304
1549876,WMT,2020-01-11,-2.025921716274194,-0.9873485823441464
1549877,WMT,2020-01-12,-0.3706718946028989,1.6552498216712952
1549878,WMT,2020-01-13,-0.805141402590746,-0.43446950798784706
1549879,WMT,2020-01-14,-1.5577883725927653,-0.7526469700020193
1549880,WMT,2020-01-15,-1.1698284416592488,0.38795993093351644
1549881,WMT,2020-01-16,-0.6872606889981311,0.48256775266111773
1549882,WMT,2020-01-17,-1.0336121564459908,-0.3463514674478597
1549883,WMT,2020-01-18,-1.398266697772845,-0.36465454132685426
1549884,WMT,2020-01-19,0.052294998781954434,1.4505616965547996
1549885,WMT,2020-01-20,-0.6141757478578573,-0.6664707466398118
1549886,WMT,2020-01-21,-0.21022100691159515,0.40395474094626216
1549887,WMT,2020-01-22,-0.8813186377893419,-0.6710976308777468
1549888,WMT,2020-01-23,-0.5934630179094711,0.28785561987987085
1549889,WMT,2020-01-24,-1.3787061210247324,-0.7852431031152614
1549890,WMT,2020-01-25,-1.7258758867178177,-0.3471697656930852
1549891,WMT,2020-01-26,-1.4154956926589548,0.31038019405886286
1549892,WMT,2020-01-27,-0.39507180250545065,1.020423890153504
1549893,WMT,2020-01-28,-0.6704726745149552,-0.2754008720095045
1549894,WMT,2020-01-29,-1.5581383659077088,-0.8876656913927536
1549895,WMT,2020-01-30,-1.1612468286874462,0.3968915372202626
1549896,WMT,2020-01-31,-1.269190497570846,-0.10794366888339968
1549897,WMT,2020-02-01,-3.0663473394563834,-1.7971568418855375
1549898,WMT,2020-02-02,-2.4709948454817963,0.5953524939745871
1549899,WMT,2020-02-03,-1.4537293547834431,1.0172654906983531
1549900,WMT,2020-02-04,-1.9519247989342656,-0.4981954441508225
1549901,WMT,2020-02-05,-1.2947214413984478,0.6572033575358178
1549902,WMT,2020-02-06,-1.802583748590584,-0.5078623071921362
1549903,WMT,2020-02-07,-2.3712835864397466,-0.5686998378491626
1549904,WMT,2020-02-08,-1.212136214443844,1.1591473719959027
1549905,WMT,2020-02-09,-1.371420291800383,-0.15928407735653916
1549906,WMT,2020-02-10,-1.7801481007898503,-0.40872780898946726
1549907,WMT,2020-02-11,-1.355732152930752,0.4244159478590983
1549908,WMT,2020-02-12,-2.2885879472731894,-0.9328557943424374
1549909,WMT,2020-02-13,-2.2617053634150186,0.026882583858170772
1549910,WMT,2020-02-14,-1.6864599097964903,0.5752454536185283
1549911,WMT,2020-02-15,-1.816322898085296,-0.1298629882888056
1549912,WMT,2020-02-16,-1.3684374727257924,0.4478854253595035
1549913,WMT,2020-02-17,-1.6500033341276408,-0.28156586140184836
1549914,WMT,2020-02-18,-1.2587151747490015,0.39128815937863926
1549915,WMT,2020-02-19,-1.5013379216871643,-0.24262274693816277
1549916,WMT,2020-02-20,-1.072431689722381,0.4289062319647834
1549917,WMT,2020-02-21,-1.6317411174708554,-0.5593094277484745
1549918,WMT,2020-02-22,-1.0406645512586723,0.5910765662121831
1549919,WMT,2020-02-23,-1.093769742561855,-0.05310519130318281
1549920,WMT,2020-02-24,-1.0939380566468837,-0.00016831408502859802
1549921,WMT,2020-02-25,-0.9695721287211448,0.12436592792573886
1549922,WMT,2020-02-26,-1.535957781724123,-0.5663856530029782
1549923,WMT,2020-02-27,-1.8841222854009625,-0.3481645036768395
1549924,WMT,2020-02-28,-2.125049817009838,-0.2409275316088757
1549925,WMT,2020-02-29,-1.4902515648653756,0.6347982521444626
1549926,WMT,2020-03-01,-0.8188797645515912,0.6713718003137844
1549927,WMT,2020-03-02,-1.9075071821418481,-1.0886274175902568
1549928,WMT,2020-03-03,-1.1402397615820206,0.7672674205598276
1549929,WMT,2020-03-04,-1.408388035736185,-0.26814827415416453
1549930,WMT,2020-03-05,-1.6748800595905236,-0.26649202385433846
1549931,WMT,2020-03-06,-2.3041928836903494,-0.6293128240998258
1549932,WMT,2020-03-07,-2.0314843688987745,0.2727085147915749
1549933,WMT,2020-03-08,-1.7700155740253407,0.2614687948734338
1549934,WMT,2020-03-09,-2.1937682271286327,-0.423752653103292
1549935,WMT,2020-03-10,-2.191966931557814,0.0018012955708188727
1549936,WMT,2020-03-11,-2.238294675750584,-0.046327744192770304
1549937,WMT,2020-03-12,-1.7820026901938155,0.45629198555676864
1549938,WMT,2020-03-13,-2.144565160844009,-0.3625624706501933
1549939,WMT,2020-03-14,-2.1491530959163283,-0.004587935072319471
1549940,WMT,2020-03-15,-1.9045196159038424,0.24463348001248586
1549941,WMT,2020-03-16,-1.969300627633625,-0.06478101172978246
1549942,WMT,2020-03-17,-1.7743465400762697,0.19495408755735522
1549943,WMT,2020-03-18,-1.7726232083565172,0.0017233317197524745
1549944,WMT,2020-03-19,-1.3737098672703278,0.39891334108618937
1549945,WMT,2020-03-20,-1.5507210335775234,-0.1770111663071956
1549946,WMT,2020-03-21,-1.5116277865765215,0.03909324700100192
1549947,WMT,2020-03-22,-1.7186559117916715,-0.20702812521515002
1549948,WMT,2020-03-23,-1.7515507729605972,-0.032894861168925704
1549949,WMT,2020-03-24,-1.5620253738632128,0.18952539909738442
1549950,WMT,2020-03-25,-2.202196480424869,-0.6401711065616562
1549951,WMT,2020-03-26,-1.936529119333384,0.26566736109148503
1549952,WMT,2020-03-27,-1.557947123316046,0.378581996017338
1549953,WMT,2020-03-28,-1.5722635297347871,-0.014316406418741101
1549954,WMT,2020-03-29,-1.7259441724436972,-0.15368064270891013
1549955,WMT,2020-03-30,-1.4027870333859926,0.3231571390577046
1549956,WMT,2020-03-31,-1.6254130809861316,-0.22262604760013893
1549957,WMT,2020-04-01,-1.9815956641073151,-0.35618258312118356
1549958,WMT,2020-04-02,-2.0482835610042134,-0.06668789689689825
1549959,WMT,2020-04-03,-1.2971101605776818,0.7511734004265316
1549960,WMT,2020-04-04,-1.8404125755175489,-0.5433024149398671
1549961,WMT,2020-04-05,-1.8134231430564118,0.026989432461137053
1549962,WMT,2020-04-06,-1.819985543238196,-0.0065624001817841116
1549963,WMT,2020-04-07,-1.6871027972561805,0.13288274598201544
1549964,WMT,2020-04-08,-1.5448266060569098,0.1422761911992707
1549965,WMT,2020-04-09,-1.8648917551002195,-0.32006514904330974
1549966,WMT,2020-04-10,-1.377613361902045,0.48727839319817456
1549967,WMT,2020-04-11,-1.6477501484264727,-0.27013678652442774
1549968,WMT,2020-04-12,-1.5683290128016931,0.07942113562477959
1549969,WMT,2020-04-13,-1.6802665933184688,-0.11193758051677571
1549970,WMT,2020-04-14,-1.7348940754950175,-0.05462748217654867
1549971,WMT,2020-04-15,-2.164643046700325,-0.4297489712053073
1549972,WMT,2020-04-16,-2.0450259170467167,0.11961712965360816
1549973,WMT,2020-04-17,-2.216033195503832,-0.1710072784571155
1549974,WMT,2020-04-18,-2.300893011221267,-0.08485981571743473
1549975,WMT,2020-04-19,-1.9009091787180337,0.3999838325032332
1549976,WMT,2020-04-20,-1.5051298622016347,0.39577931651639897
1549977,WMT,2020-04-21,-1.5061575527819329,-0.0010276905802981684
1549978,WMT,2020-04-22,-1.1831172059136736,0.3230403468682592
1578210,XOM,2019-12-07,-1.0340012189850172,-0.655587660508586
1578211,XOM,2019-12-08,-0.9483018270320224,0.08569939195299481
1578212,XOM,2019-12-09,-0.3998174252964428,0.5484844017355796
1578213,XOM,2019-12-10,-2.779748559874457,-2.3799311345780145
1578214,XOM,2019-12-11,-1.3248240231318575,1.4549245367425996
1578215,XOM,2019-12-12,-0.5049157600142017,0.8199082631176559
1578216,XOM,2019-12-13,-1.4442163796383023,-0.9393006196241006
1578217,XOM,2019-12-14,-2.320364447079287,-0.8761480674409847
1578218,XOM,2019-12-15,-2.5950624741109127,-0.2746980270316257
1578219,XOM,2019-12-16,-1.1686873492599696,1.426375124850943
1578220,XOM,2019-12-17,-1.8505797840357208,-0.6818924347757511
1578221,XOM,2019-12-18,-1.8736050561418256,-0.023025272106104833
1578222,XOM,2019-12-19,-1.4029365531186682,0.47066850302315744
1578223,XOM,2019-12-20,-1.612709398210958,-0.20977284509228977
1578224,XOM,2019-12-21,-0.9370153492162426,0.6756940489947153
1578225,XOM,2019-12-22,-1.0862211174706295,-0.14920576825438692
1578226,XOM,2019-12-23,-0.8589891357346111,0.22723198173601844
1578227,XOM,2019-12-24,-1.211608331148396,-0.35261919541378495
1578228,XOM,2019-12-25,-2.001825788971125,-0.790217457822729
1578229,XOM,2019-12-26,-1.76623544473822,0.23559034423290504
1578230,XOM,2019-12-27,-0.8307011697528431,0.9355342749853769
1578231,XOM,2019-12-28,-1.9344463630062183,-1.103745193253375
1578232,XOM,2019-12-29,-2.0283728763981475,-0.09392651339192915
1578233,XOM,2019-12-30,-0.9255755155460016,1.1027973608521457
1578234,XOM,2019-12-31,-0.980681719500083,-0.05510620395408139
1578235,XOM,2020-01-01,-1.3153227464067534,-0.3346410269066704
1578236,XOM,2020-01-02,-1.1119623753719363,0.20336037103481708
1578237,XOM,2020-01-03,-2.6161322217424283,-1.504169846370492
1578238,XOM,2020-01-04,-3.2645967091251435,-0.6484644873827152
1578239,XOM,2020-01-05,-3.1314840624379285,0.133112646687215
1578240,XOM,2020-01-06,-1.1537530561377536,1.977731006300175
1578241,XOM,2020-01-07,-2.5443003943056217,-1.3905473381678681
1578242,XOM,2020-01-08,-1.5178311947209673,1.0264691995846544
1578243,XOM,2020-01-09,-0.9563671950078612,0.5614639997131061
1578244,XOM,2020-01-10,-1.4702845535444091,-0.513917358536548
1578245,XOM,2020-01-11,-1.6151194646321985,-0.14483491108778934
1578246,XOM,2020-01-12,-1.6089575731303123,0.006161891501886174
1578247,XOM,2020-01-13,-0.4419006767114663,1.167056896418846
1578248,XOM,2020-01-14,-1.0211525219255422,-0.5792518452140758
1578249,XOM,2020-01-15,-1.3386281291473021,-0.31747560722175994
1578250,XOM,2020-01-16,-1.4703501342886751,-0.131722005141373
1578251,XOM,2020-01-17,-1.0553614156496134,0.4149887186390617
1578252,XOM,2020-01-18,-1.1326267443886722,-0.07726532873905878
1578253,XOM,2020-01-19,-0.9696404955510076,0.16298624883766455
1578254,XOM,2020-01-20,-0.7664195305713121,0.20322096497969555
1578255,XOM,2020-01-21,-1.1557276803856271,-0.38930814981431505
1578256,XOM,2020-01-22,-0.4004407694412653,0.7552869109443618
1578257,XOM,2020-01-23,-1.882407281078836,-1.4819665116375706
1578258,XOM,2020-01-24,-1.4423576555168378,0.4400496255619981
1578259,XOM,2020-01-25,-1.1096284649904922,0.33272919052634564
1578260,XOM,2020-01-26,-2.5915467661411813,-1.4819183011506891
1578261,XOM,2020-01-27,-1.2025563954448812,1.3889903706963
1578262,XOM,2020-01-28,-1.1547063249223315,0.04785007052254975
1578263,XOM,2020-01-29,-1.7613163248738148,-0.6066099999514833
1578264,XOM,2020-01-30,-2.070731841797357,-0.3094155169235422
1578265,XOM,2020-01-31,-1.0044250478025027,1.0663067939948543
1578266,XOM,2020-02-01,-1.9898204135846416,-0.9853953657821388
1578267,XOM,2020-02-02,-1.694414946637214,0.29540546694742753
1578268,XOM,2020-02-03,-1.9691465019968024,-0.2747315553595884
1578269,XOM,2020-02-04,-1.6648235219166012,0.3043229800802012
1578270,XOM,2020-02-05,-1.1500578982541048,0.5147656236624965
1578271,XOM,2020-02-06,-1.4005353525415043,-0.25047745428739954
1578272,XOM,2020-02-07,-2.7484485325566097,-1.3479131800151054
1578273,XOM,2020-02-08,-3.1913811017658302,-0.44293256920922053
1578274,XOM,2020-02-09,-1.7962548299724233,1.395126271793407
1578275,XOM,2020-02-10,-0.6719443460673009,1.1243104839051223
1578276,XOM,2020-02-11,-1.4128126621412624,-0.7408683160739615
1578277,XOM,2020-02-12,-1.6022307302767071,-0.1894180681354447
1578278,XOM,2020-02-13,-1.2342718098351846,0.36795892044152256
1578279,XOM,2020-02-14,-1.01891301217554,0.2153587976596445
1578280,XOM,2020-02-15,-3.177889887952672,-2.1589768757771317
1578281,XOM,2020-02-16,-0.9399993230315092,2.2378905649211625
1578282,XOM,2020-02-17,-1.6962948339140933,-0.7562955108825841
1578283,XOM,2020-02-18,-1.0385968075789072,0.6576980263351861
1578284,XOM,2020-02-19,-1.496540398340792,-0.45794359076188496
1578285,XOM,2020-02-20,-2.223792380783872,-0.7272519824430799
1578286,XOM,2020-02-21,-1.82775585087271,0.3960365299111619
1578287,XOM,2020-02-22,-1.1957649484237514,0.6319909024489587
1578288,XOM,2020-02-23,-0.8399930012603687,0.3557719471633827
1578289,XOM,2020-02-24,-1.9507731518373763,-1.1107801505770076
1578290,XOM,2020-02-25,-1.464608743959412,0.48616440787796433
1578291,XOM,2020-02-26,-1.6098224886159986,-0.14521374465658665
1578292,XOM,2020-02-27,-1.1678734595817446,0.44194902903425404
1578293,XOM,2020-02-28,-1.0647247283014083,0.1031487312803363
1578294,XOM,2020-02-29,-3.086916037279289,-2.022191308977881
1578295,XOM,2020-03-01,-2.5217369063874635,0.5651791308918255
1578296,XOM,2020-03-02,-1.5482120777119983,0.9735248286754652
1578297,XOM,2020-03-03,-1.3584432829247124,0.18976879478728592
1578298,XOM,2020-03-04,-0.8661904936514168,0.49225278927329563
1578299,XOM,2020-03-05,-1.3275643839090212,-0.46137389025760445
1578300,XOM,2020-03-06,-1.87993755672658,-0.5523731728175587
1578301,XOM,2020-03-07,-2.8791640808320027,-0.9992265241054228
1578302,XOM,2020-03-08,-2.703555186530711,0.17560889430129167
1578303,XOM,2020-03-09,-3.8028403713737786,-1.0992851848430676
1578304,XOM,2020-03-10,-3.4519078555040665,0.3509325158697121
1578305,XOM,2020-03-11,-2.417050527867637,1.0348573276364297
1578306,XOM,2020-03-12,-2.3082034042823905,0.1088471235852464
1578307,XOM,2020-03-13,-1.9059847773108112,0.4022186269715793
1578308,XOM,2020-03-14,-2.6468903117009432,-0.7409055343901321
1578309,XOM,2020-03-15,-2.1722021302546124,0.47468818144633085
1578310,XOM,2020-03-16,-2.4567612337919003,-0.28455910353728786
1578311,XOM,2020-03-17,-2.1144492636069847,0.34231197018491555
1578312,XOM,2020-03-18,-2.4698090273804216,-0.3553597637734369
1578313,XOM,2020-03-19,-1.9760022377375577,0.49380678964286395
1578314,XOM,2020-03-20,-2.1411057751576696,-0.16510353742011197
1578315,XOM,2020-03-21,-3.1285731388981293,-0.9874673637404596
1578316,XOM,2020-03-22,-2.7841034240917995,0.3444697148063298
1578317,XOM,2020-03-23,-1.966369894326494,0.8177335297653054
1578318,XOM,2020-03-24,-2.580767743290933,-0.614397848964439
1578319,XOM,2020-03-25,-2.780167650172419,-0.199399906881486
1578320,XOM,2020-03-26,-2.423695638213509,0.35647201195891
1578321,XOM,2020-03-27,-3.3056098794692863,-0.8819142412557772
1578322,XOM,2020-03-28,-2.723024662585544,0.5825852168837424
1578323,XOM,2020-03-29,-0.9654808292259436,1.7575438333596003
1578324,XOM,2020-03-30,-2.901824291706152,-1.9363434624802085
1578325,XOM,2020-03-31,-1.5706729458690467,1.3311513458371054
1578326,XOM,2020-04-01,-2.455973755073898,-0.8853008092048511
1578327,XOM,2020-04-02,-2.16296506937202,0.2930086857018779
1578328,XOM,2020-04-03,-1.836297947117833,0.32666712225418704
1578329,XOM,2020-04-04,-1.61994134721002,0.21635659990781297
1578330,XOM,2020-04-05,-2.2230005293190036,-0.6030591821089837
1578331,XOM,2020-04-06,-2.334069685187544,-0.11106915586854038
1578332,XOM,2020-04-07,-2.412811889823037,-0.07874220463549308
1578333,XOM,2020-04-08,-2.154892941371659,0.25791894845137797
1578334,XOM,2020-04-09,-2.4269190001591308,-0.27202605878747166
1578335,XOM,2020-04-10,-1.9241701751781703,0.5027488249809604
1578336,XOM,2020-04-11,-1.7596522629774076,0.16451791220076273
1578337,XOM,2020-04-12,-2.815472680748113,-1.0558204177707056
1578338,XOM,2020-04-13,-3.3127177218493205,-0.49724504110120726
1578339,XOM,2020-04-14,-2.237526832061122,1.0751908897881983
1578340,XOM,2020-04-15,-2.543071520923528,-0.30554468886240604
1578341,XOM,2020-04-16,-2.186109331214468,0.35696218970906024
1578342,XOM,2020-04-17,-2.3446265749269406,-0.15851724371247267
1578343,XOM,2020-04-18,-2.8662130304205475,-0.5215864554936069
1578344,XOM,2020-04-19,-3.2707754437620715,-0.404562413341524
1578345,XOM,2020-04-20,-2.8045281867590868,0.46624725700298475
1578346,XOM,2020-04-21,-2.6684178691090588,0.136110317650028
1578347,XOM,2020-04-22,-1.9922029363648783,0.6762149327441804
