date,actual,model
2013-04-15,13.35,13.35
2013-04-16,12.61,12.61
2013-04-17,12.28,12.28
2013-04-18,12.23,12.23
2013-04-19,12.48,12.48
2013-04-22,12.72,12.72
2013-04-23,12.7,12.7
2013-04-24,12.79,12.79
2013-04-25,13.06,13.06
2013-04-26,13.47,13.47
2013-04-29,13.87,13.87
2013-04-30,13.76,13.76
2013-05-01,13.95,13.95
2013-05-02,14.09,14.09
2013-05-03,14.43,14.43
2013-05-06,14.36,14.36
2013-05-07,14.52,14.52
2013-05-08,14.4,14.4
2013-05-09,14.28,14.28
2013-05-10,14.33,14.33
2013-05-13,13.99,13.99
2013-05-14,13.52,13.52
2013-05-15,13.7,13.7
2013-05-16,13.66,13.66
2013-05-17,13.96,13.96
2013-05-20,13.86,13.86
2013-05-21,13.91,13.91
2013-05-22,13.94,13.94
2013-05-23,14.03,14.03
2013-05-24,13.92,13.92
2013-05-28,14.03,14.03
2013-05-29,14.24,14.24
2013-05-30,14.18,14.18
2013-05-31,14.21,14.21
2013-06-03,14.16,14.16
2013-06-04,14.03,14.03
2013-06-05,13.82,13.82
2013-06-06,13.93,13.93
2013-06-07,13.83,13.83
2013-06-10,13.79,13.79
2013-06-11,13.62,13.62
2013-06-12,13.74,13.74
2013-06-13,13.56,13.56
2013-06-14,13.62,13.62
2013-06-17,13.61,13.61
2013-06-18,13.33,13.33
2013-06-19,13.14,13.14
2013-06-20,13.03,13.03
2013-06-21,12.69,12.69
2013-06-24,12.69,12.69
2013-06-25,12.55,12.55
2013-06-26,12.41,12.41
2013-06-27,12.5,12.5
2013-06-28,12.9,12.9
2013-07-01,13.19,13.19
2013-07-02,13.26,13.26
2013-07-03,13.16,13.16
2013-07-05,13.08,13.08
2013-07-08,13.31,13.31
2013-07-09,13.26,13.26
2013-07-10,13.47,13.47
2013-07-11,13.44,13.44
2013-07-12,13.47,13.47
2013-07-15,13.56,13.56
2013-07-16,13.56,13.56
2013-07-17,13.61,13.61
2013-07-18,13.4,13.4
2013-07-19,13.44,13.44
2013-07-22,13.21,13.21
2013-07-23,13.89,13.89
2013-07-24,13.82,13.82
2013-07-25,13.9,13.9
2013-07-26,14.12,14.12
2013-07-29,14.29,14.29
2013-07-30,14.26,14.26
2013-07-31,14.4,14.4
2013-08-01,14.58,14.58
2013-08-02,14.8,14.8
2013-08-05,14.67,14.67
2013-08-06,14.66,14.66
2013-08-07,14.63,14.63
2013-08-08,14.42,14.42
2013-08-09,14.83,14.83
2013-08-12,15.53,15.53
2013-08-13,15.82,15.82
2013-08-14,15.8,15.8
2013-08-15,15.94,15.94
2013-08-16,16.11,16.11
2013-08-19,15.9,15.9
2013-08-20,15.94,15.94
2013-08-21,15.96,15.96
2013-08-22,15.9,15.9
2013-08-23,15.96,15.96
2013-08-26,15.5,15.5
2013-08-27,15.58,15.58
2013-08-28,15.6,15.6
2013-08-29,15.46,15.46
2013-08-30,15.5,15.5
2013-09-03,15.82,15.82
2013-09-04,15.72,15.72
2013-09-05,15.81,15.81
2013-09-06,16.06,16.06
2013-09-09,15.7,15.7
2013-09-10,14.84,14.84
2013-09-11,15.0,15.0
2013-09-12,14.75,14.75
2013-09-13,14.28,14.28
2013-09-16,14.45,14.45
2013-09-17,14.74,14.74
2013-09-18,14.99,14.99
2013-09-19,14.83,14.83
2013-09-20,15.57,15.57
2013-09-23,15.52,15.52
2013-09-24,15.28,15.28
2013-09-25,15.43,15.43
2013-09-26,15.32,15.32
2013-09-27,15.13,15.13
2013-09-30,15.48,15.48
2013-10-01,15.53,15.53
2013-10-02,15.34,15.34
2013-10-03,15.33,15.33
2013-10-04,15.48,15.48
2013-10-07,15.26,15.26
2013-10-08,15.44,15.44
2013-10-09,15.54,15.54
2013-10-10,15.64,15.64
2013-10-11,15.74,15.74
2013-10-14,15.82,15.82
2013-10-15,15.9,15.9
2013-10-16,16.01,16.01
2013-10-17,16.15,16.15
2013-10-18,16.54,16.54
2013-10-21,16.5,16.5
2013-10-22,16.66,16.66
2013-10-23,16.88,16.88
2013-10-24,16.69,16.69
2013-10-25,16.81,16.81
2013-10-28,16.39,16.39
2013-10-29,16.66,16.66
2013-10-30,16.59,16.59
2013-10-31,16.5,16.5
2013-11-01,16.71,16.71
2013-11-04,16.67,16.67
2013-11-05,16.63,16.63
2013-11-06,16.36,16.36
2013-11-07,16.61,16.61
2013-11-08,16.57,16.57
2013-11-11,16.6,16.6
2013-11-12,16.62,16.62
2013-11-13,16.86,16.86
2013-11-14,16.76,16.76
2013-11-15,16.55,16.55
2013-11-18,16.58,16.58
2013-11-19,16.44,16.44
2013-11-20,16.63,16.63
2013-11-21,16.59,16.59
2013-11-22,16.72,16.72
2013-11-25,17.02,17.02
2013-11-26,17.43,17.43
2013-11-27,17.75,17.75
2013-11-29,17.59,17.59
2013-12-02,18.08,18.08
2013-12-03,18.03,18.03
2013-12-04,18.13,18.13
2013-12-05,17.87,17.87
2013-12-06,18.08,18.08
2013-12-09,18.05,18.05
2013-12-10,17.92,17.92
2013-12-11,17.89,17.89
2013-12-12,17.7,17.7
2013-12-13,17.79,17.79
2013-12-16,17.71,17.71
2013-12-17,17.58,17.58
2013-12-18,17.38,17.38
2013-12-19,17.52,17.52
2013-12-20,18.2,18.2
2013-12-23,18.12,18.12
2013-12-24,18.0,18.0
2013-12-26,17.88,17.88
2013-12-27,17.7,17.7
2013-12-30,17.91,17.91
2013-12-31,17.65,17.65
2014-01-02,17.27,17.27
2014-01-03,17.36,17.36
2014-01-06,17.24,17.24
2014-01-07,17.35,17.35
2014-01-08,17.12,17.12
2014-01-09,17.01,17.01
2014-01-10,17.1,17.1
2014-01-13,17.44,17.44
2014-01-14,17.79,17.79
2014-01-15,17.69,17.69
2014-01-16,17.26,17.26
2014-01-17,17.52,17.52
2014-01-21,17.6,17.6
2014-01-22,17.57,17.57
2014-01-27,16.17,16.17
2014-01-28,15.98,15.98
2014-01-29,15.95,15.95
2014-01-30,15.98,15.98
2014-01-31,16.01,16.01
2014-02-03,16.24,16.24
2014-02-04,16.36,16.36
2014-02-05,16.46,16.46
2014-02-06,16.69,16.69
2014-02-07,16.98,16.98
2014-02-10,17.21,17.21
2014-02-11,17.21,17.21
2014-02-12,17.48,17.48
2014-02-13,17.47,17.47
2014-02-14,17.53,17.53
2014-02-18,17.25,17.25
2014-02-19,17.05,17.05
2014-02-20,16.86,16.86
2014-02-21,16.94,16.94
2014-02-24,16.76,16.76
2014-02-25,16.61,16.61
2014-02-26,16.94,16.94
2014-02-27,16.9,16.9
2014-02-28,16.94,16.94
2014-03-03,17.06,17.06
2014-03-04,17.09,17.09
2014-03-05,17.04,17.04
2014-03-06,17.03,17.03
2014-03-07,17.05,17.05
2014-03-10,17.21,17.21
2014-03-11,17.23,17.23
2014-03-12,17.04,17.04
2014-03-13,16.85,16.85
2014-03-14,16.91,16.91
2014-03-17,17.06,17.06
2014-03-18,16.97,16.97
2014-03-20,17.11,17.11
2014-03-21,17.31,17.31
2014-03-24,17.5,17.5
2014-03-25,17.33,17.33
2014-03-26,17.26,17.26
2014-03-27,17.24,17.24
2014-03-28,17.23,17.23
2014-03-31,17.39,17.39
2014-04-01,17.42,17.42
2014-04-02,17.3,17.3
2014-04-03,17.08,17.08
2014-04-04,16.81,16.81
2014-04-07,16.81,16.81
2014-04-08,17.03,17.03
2014-04-09,16.81,16.81
2014-04-10,16.68,16.68
2014-04-11,16.75,16.75
2014-04-14,16.63,16.63
2014-04-15,16.66,16.66
2014-04-16,16.85,16.85
2014-04-17,17.05,17.05
2014-04-21,17.07,17.07
2014-04-22,16.85,16.85
2014-04-23,18.23,18.23
2014-04-24,18.36,18.36
2014-04-25,19.07,19.07
2014-04-28,19.02,19.02
2014-04-29,18.95,18.95
2014-04-30,18.99,18.99
2014-05-01,19.03,19.03
2014-05-02,19.29,19.29
2014-05-05,19.08,19.08
2014-05-06,19.02,19.02
2014-05-07,18.98,18.98
2014-05-08,18.91,18.91
2014-05-09,19.14,19.14
2014-05-12,19.17,19.17
2014-05-13,19.17,19.17
2014-05-14,19.01,19.01
2014-05-15,19.29,19.29
2014-05-16,19.52,19.52
2014-05-19,19.52,19.52
2014-05-20,19.58,19.58
2014-05-21,19.61,19.61
2014-05-22,19.83,19.83
2014-05-23,20.2,20.2
2014-05-27,20.15,20.15
2014-05-28,20.51,20.51
2014-05-29,20.44,20.44
2014-05-30,20.3,20.3
2014-06-02,20.58,20.58
2014-06-03,20.82,20.82
2014-06-04,20.9,20.9
2014-06-05,20.84,20.84
2014-06-06,21.18,21.18
2014-06-09,21.3,21.3
2014-06-10,21.21,21.21
2014-06-11,20.86,20.86
2014-06-12,20.63,20.63
2014-06-13,20.84,20.84
2014-06-16,20.81,20.81
2014-06-17,20.83,20.83
2014-06-18,20.76,20.76
2014-06-19,20.55,20.55
2014-06-20,20.53,20.53
2014-06-23,20.4,20.4
2014-06-24,20.42,20.42
2014-06-25,20.54,20.54
2014-06-26,20.79,20.79
2014-06-27,21.0,21.0
2014-06-30,21.14,21.14
2014-07-01,21.13,21.13
2014-07-02,21.25,21.25
2014-07-03,21.69,21.69
2014-07-07,21.55,21.55
2014-07-08,21.56,21.56
2014-07-09,21.48,21.48
2014-07-10,21.52,21.52
2014-07-11,21.8,21.8
2014-07-14,21.54,21.54
2014-07-15,21.42,21.42
2014-07-16,21.04,21.04
2014-07-17,21.34,21.34
2014-07-18,21.23,21.23
2014-07-21,21.41,21.41
2014-07-22,21.97,21.97
2014-07-23,21.93,21.93
2014-07-24,22.07,22.07
2014-07-25,22.38,22.38
2014-07-28,22.23,22.23
2014-07-29,22.18,22.18
2014-07-30,21.61,21.61
2014-07-31,21.73,21.73
2014-08-01,21.6,21.6
2014-08-04,21.5,21.5
2014-08-05,21.46,21.46
2014-08-06,21.46,21.46
2014-08-07,21.52,21.52
2014-08-08,21.8,21.8
2014-08-11,21.8,21.8
2014-08-12,22.09,22.09
2014-08-13,22.15,22.15
2014-08-14,22.25,22.25
2014-08-15,22.52,22.52
2014-08-18,22.83,22.83
2014-08-19,22.84,22.84
2014-08-20,22.84,22.84
2014-08-21,23.01,23.01
2014-08-22,23.06,23.06
2014-08-25,22.91,22.91
2014-08-26,23.2,23.2
2014-08-27,23.22,23.22
2014-08-28,23.28,23.28
2014-08-29,23.46,23.46
2014-09-02,22.47,22.47
2014-09-03,22.29,22.29
2014-09-04,22.48,22.48
2014-09-05,22.34,22.34
2014-09-08,22.26,22.26
2014-09-09,22.94,22.94
2014-09-10,23.04,23.04
2014-09-11,23.09,23.09
2014-09-12,23.08,23.08
2014-09-15,22.91,22.91
2014-09-16,23.07,23.07
2014-09-17,23.12,23.12
2014-09-18,22.93,22.93
2014-09-19,22.95,22.95
2014-09-22,23.31,23.31
2014-09-23,23.11,23.11
2014-09-24,22.23,22.23
2014-09-25,22.88,22.88
2014-09-26,22.74,22.74
2014-09-29,22.88,22.88
2014-09-30,22.53,22.53
2014-10-01,22.69,22.69
2014-10-02,22.63,22.63
2014-10-03,22.63,22.63
2014-10-06,22.43,22.43
2014-10-07,22.89,22.89
2014-10-08,22.94,22.94
2014-10-09,22.88,22.88
2014-10-10,22.67,22.67
2014-10-13,22.43,22.43
2014-10-14,22.15,22.15
2014-10-15,21.86,21.86
2014-10-16,22.18,22.18
2014-10-17,22.66,22.66
2014-10-20,23.27,23.27
2014-10-21,23.39,23.39
2014-10-22,23.81,23.81
2014-10-23,23.9,23.9
2014-10-24,23.87,23.87
2014-10-27,24.24,24.24
2014-10-28,24.38,24.38
2014-10-29,24.3,24.3
2014-10-30,24.53,24.53
2014-10-31,24.85,24.85
2014-11-03,24.67,24.67
2014-11-04,24.73,24.73
2014-11-05,24.8,24.8
2014-11-06,24.87,24.87
2014-11-07,24.83,24.83
2014-11-10,25.02,25.02
2014-11-11,25.38,25.38
2014-11-12,25.74,25.74
2014-11-13,26.05,26.05
2014-11-14,26.0,26.0
2014-11-17,26.34,26.34
2014-11-18,26.16,26.16
2014-11-19,26.53,26.53
2014-11-20,26.57,26.57
2014-11-21,27.06,27.06
2014-11-24,26.83,26.83
2014-11-25,27.15,27.15
2014-11-26,27.13,27.13
2014-11-28,26.25,26.25
2014-12-01,26.15,26.15
2014-12-02,26.45,26.45
2014-12-03,26.34,26.34
2014-12-04,26.23,26.23
2014-12-05,25.64,25.64
2014-12-08,26.03,26.03
2014-12-09,25.54,25.54
2014-12-10,25.46,25.46
2014-12-11,25.03,25.03
2014-12-12,24.69,24.69
2014-12-15,24.35,24.35
2014-12-16,24.96,24.96
2014-12-17,25.7,25.7
2014-12-18,25.5,25.5
2014-12-19,25.76,25.76
2014-12-22,25.67,25.67
2014-12-23,25.55,25.55
2014-12-24,26.0,26.0
2014-12-26,25.98,25.98
2014-12-29,25.67,25.67
2014-12-30,25.18,25.18
2014-12-31,24.94,24.94
2015-01-02,24.24,24.24
2015-01-05,24.24,24.24
2015-01-06,24.58,24.58
2015-01-07,25.52,25.52
2015-01-08,25.55,25.55
2015-01-09,24.92,24.92
2015-01-12,25.14,25.14
2015-01-13,25.05,25.05
2015-01-14,24.37,24.37
2015-01-15,24.18,24.18
2015-01-16,24.8,24.8
2015-01-20,24.99,24.99
2015-01-21,25.64,25.64
2015-01-22,25.77,25.77
2015-01-23,25.8,25.8
2015-01-26,24.9,24.9
2015-01-27,26.3,26.3
2015-01-28,27.12,27.12
2015-01-29,26.73,26.73
2015-01-30,27.06,27.06
2015-02-02,27.07,27.07
2015-02-03,27.27,27.27
2015-02-04,27.47,27.47
2015-02-05,27.24,27.24
2015-02-06,27.42,27.42
2015-02-09,27.94,27.94
2015-02-10,28.6,28.6
2015-02-11,28.96,28.96
2015-02-12,29.1,29.1
2015-02-13,29.27,29.27
2015-02-17,29.48,29.48
2015-02-18,29.42,29.42
2015-02-19,29.66,29.66
2015-02-20,30.46,30.46
2015-02-23,30.27,30.27
2015-02-24,29.49,29.49
2015-02-25,29.87,29.87
2015-02-26,29.42,29.42
2015-02-27,29.56,29.56
2015-03-02,29.62,29.62
2015-03-03,29.44,29.44
2015-03-04,28.95,28.95
2015-03-05,28.99,28.99
2015-03-06,29.12,29.12
2015-03-09,28.51,28.51
2015-03-10,27.99,27.99
2015-03-11,28.5,28.5
2015-03-12,28.3,28.3
2015-03-13,28.61,28.61
2015-03-16,29.09,29.09
2015-03-17,29.42,29.42
2015-03-18,29.2,29.2
2015-03-19,28.83,28.83
2015-03-20,29.13,29.13
2015-03-23,29.01,29.01
2015-03-24,28.25,28.25
2015-03-25,28.45,28.45
2015-03-26,28.23,28.23
2015-03-27,28.94,28.94
2015-03-30,28.5,28.5
2015-03-31,28.45,28.45
2015-04-01,28.7,28.7
2015-04-02,29.16,29.16
2015-04-06,28.86,28.86
2015-04-07,28.76,28.76
2015-04-08,28.98,28.98
2015-04-09,29.11,29.11
2015-04-10,29.05,29.05
2015-04-13,28.92,28.92
2015-04-14,29.03,29.03
2015-04-15,28.89,28.89
2015-04-16,28.57,28.57
2015-04-17,29.22,29.22
2015-04-20,29.06,29.06
2015-04-21,29.45,29.45
2015-04-22,29.7,29.7
2015-04-23,29.83,29.83
2015-04-24,30.38,30.38
2015-04-27,29.9,29.9
2015-04-28,29.46,29.46
2015-04-29,28.66,28.66
2015-04-30,29.53,29.53
2015-05-01,29.47,29.47
2015-05-04,28.81,28.81
2015-05-05,28.63,28.63
2015-05-06,28.8,28.8
2015-05-07,29.35,29.35
2015-05-08,29.05,29.05
2015-05-11,28.94,28.94
2015-05-12,28.98,28.98
2015-05-13,29.65,29.65
2015-05-14,29.61,29.61
2015-05-15,29.94,29.94
2015-05-18,29.91,29.91
2015-05-19,29.91,29.91
2015-05-20,30.21,30.21
2015-05-21,30.48,30.48
2015-05-22,29.81,29.81
2015-05-26,30.36,30.36
2015-05-27,30.3,30.3
2015-05-28,29.96,29.96
2015-05-29,30.02,30.02
2015-06-01,29.89,29.89
2015-06-02,29.92,29.92
2015-06-03,29.75,29.75
2015-06-04,29.58,29.58
2015-06-05,29.39,29.39
2015-06-08,29.3,29.3
2015-06-09,29.64,29.64
2015-06-10,29.57,29.57
2015-06-11,29.24,29.24
2015-06-12,29.19,29.19
2015-06-15,29.34,29.34
2015-06-16,29.27,29.27
2015-06-17,29.41,29.41
2015-06-18,29.11,29.11
2015-06-19,29.34,29.34
2015-06-22,29.21,29.21
2015-06-23,29.46,29.46
2015-06-24,29.32,29.32
2015-06-25,29.15,29.15
2015-06-26,28.64,28.64
2015-06-29,28.84,28.84
2015-06-30,29.11,29.11
2015-07-01,29.08,29.08
2015-07-02,28.97,28.97
2015-07-06,28.9,28.9
2015-07-07,28.19,28.19
2015-07-08,27.61,27.61
2015-07-09,28.35,28.35
2015-07-10,28.9,28.9
2015-07-13,28.88,28.88
2015-07-14,29.16,29.16
2015-07-15,29.55,29.55
2015-07-16,29.81,29.81
2015-07-17,30.37,30.37
2015-07-20,30.07,30.07
2015-07-21,28.8,28.8
2015-07-22,28.78,28.78
2015-07-23,28.63,28.63
2015-07-24,28.23,28.23
2015-07-27,28.37,28.37
2015-07-28,28.28,28.28
2015-07-29,28.14,28.14
2015-07-30,27.89,27.89
2015-07-31,27.24,27.24
2015-08-03,26.36,26.36
2015-08-04,26.54,26.54
2015-08-05,26.59,26.59
2015-08-06,26.68,26.68
2015-08-07,27.65,27.65
2015-08-10,26.22,26.22
2015-08-11,26.62,26.62
2015-08-12,26.6,26.6
2015-08-13,26.79,26.79
2015-08-14,27.06,27.06
2015-08-17,26.91,26.91
2015-08-18,26.57,26.57
2015-08-19,26.02,26.02
2015-08-20,24.43,24.43
2015-08-21,23.82,23.82
2015-08-24,23.96,23.96
2015-08-25,25.34,25.34
2015-08-26,26.08,26.08
2015-08-27,26.17,26.17
2015-08-28,26.05,26.05
2015-08-31,24.88,24.88
2015-09-01,25.95,25.95
2015-09-02,25.49,25.49
2015-09-03,25.24,25.24
2015-09-04,25.94,25.94
2015-09-08,25.44,25.44
2015-09-09,26.0,26.0
2015-09-10,26.38,26.38
2015-09-11,26.64,26.64
2015-09-14,26.86,26.86
2015-09-15,26.89,26.89
2015-09-16,26.32,26.32
2015-09-17,26.21,26.21
2015-09-18,26.61,26.61
2015-09-21,26.19,26.19
2015-09-22,26.41,26.41
2015-09-23,26.56,26.56
2015-09-24,26.5,26.5
2015-09-25,25.97,25.97
2015-09-28,25.19,25.19
2015-09-29,25.4,25.4
2015-09-30,25.31,25.31
2015-10-01,25.5,25.5
2015-10-02,25.59,25.59
2015-10-05,25.71,25.71
2015-10-06,25.59,25.59
2015-10-07,25.29,25.29
2015-10-08,25.9,25.9
2015-10-09,25.78,25.78
2015-10-12,25.82,25.82
2015-10-13,25.46,25.46
2015-10-14,25.84,25.84
2015-10-15,25.65,25.65
2015-10-16,25.81,25.81
2015-10-19,26.28,26.28
2015-10-20,26.28,26.28
2015-10-21,26.68,26.68
2015-10-22,27.51,27.51
2015-10-23,26.63,26.63
2015-10-26,26.46,26.46
2015-10-27,27.55,27.55
2015-10-28,27.84,27.84
2015-10-29,27.6,27.6
2015-10-30,27.99,27.99
2015-11-02,28.31,28.31
2015-11-03,28.18,28.18
2015-11-04,28.05,28.05
2015-11-05,28.08,28.08
2015-11-06,27.97,27.97
2015-11-09,27.09,27.09
2015-11-10,26.94,26.94
2015-11-11,26.85,26.85
2015-11-12,26.06,26.06
2015-11-13,26.49,26.49
2015-11-16,26.37,26.37
2015-11-17,27.21,27.21
2015-11-18,27.56,27.56
2015-11-19,27.68,27.68
2015-11-20,27.32,27.32
2015-11-23,27.58,27.58
2015-11-24,27.38,27.38
2015-11-25,27.33,27.33
2015-11-27,27.44,27.44
2015-11-30,27.22,27.22
2015-12-01,26.98,26.98
2015-12-02,26.73,26.73
2015-12-03,27.61,27.61
2015-12-04,27.44,27.44
2015-12-07,27.43,27.43
2015-12-08,26.82,26.82
2015-12-09,26.95,26.95
2015-12-10,26.26,26.26
2015-12-11,26.09,26.09
2015-12-14,25.63,25.63
2015-12-15,25.83,25.83
2015-12-16,25.28,25.28
2015-12-17,24.6,24.6
2015-12-18,24.9,24.9
2015-12-21,24.88,24.88
2015-12-22,25.2,25.2
2015-12-23,25.06,25.06
2015-12-24,24.78,24.78
2015-12-28,25.23,25.23
2015-12-29,24.9,24.9
2015-12-30,24.42,24.42
2015-12-31,24.44,24.44
2016-01-04,23.83,23.83
2016-01-05,23.36,23.36
2016-01-06,22.38,22.38
2016-01-07,22.49,22.49
2016-01-08,22.86,22.86
2016-01-11,23.19,23.19
2016-01-12,22.59,22.59
2016-01-13,23.09,23.09
2016-01-14,22.53,22.53
2016-01-15,22.42,22.42
2016-01-19,22.45,22.45
2016-01-20,22.34,22.34
2016-01-21,23.53,23.53
2016-01-22,23.07,23.07
2016-01-25,23.2,23.2
2016-01-26,21.67,21.67
2016-01-27,21.83,21.83
2016-01-28,22.58,22.58
2016-01-29,22.37,22.37
2016-02-01,21.92,21.92
2016-02-02,22.35,22.35
2016-02-03,22.53,22.53
2016-02-04,21.93,21.93
2016-02-05,22.16,22.16
2016-02-08,22.16,22.16
2016-02-09,21.99,21.99
2016-02-10,21.85,21.85
2016-02-11,21.92,21.92
2016-02-12,22.54,22.54
2016-02-16,22.89,22.89
2016-02-17,22.45,22.45
2016-02-18,22.4,22.4
2016-02-19,22.6,22.6
2016-02-22,22.09,22.09
2016-02-23,22.41,22.41
2016-02-24,22.57,22.57
2016-02-25,22.6,22.6
2016-02-26,22.55,22.55
2016-02-29,23.45,23.45
2016-03-01,23.5,23.5
2016-03-02,23.67,23.67
2016-03-03,24.03,24.03
2016-03-04,23.76,23.76
2016-03-07,23.56,23.56
2016-03-08,23.59,23.59
2016-03-09,23.6,23.6
2016-03-10,23.85,23.85
2016-03-11,23.91,23.91
2016-03-14,24.39,24.39
2016-03-15,24.72,24.72
2016-03-16,24.68,24.68
2016-03-17,24.7,24.7
2016-03-18,24.7,24.7
2016-03-21,24.89,24.89
2016-03-22,24.75,24.75
2016-03-23,24.65,24.65
2016-03-24,24.53,24.53
2016-03-28,25.12,25.12
2016-03-29,25.55,25.55
2016-03-30,25.42,25.42
2016-03-31,25.65,25.65
2016-04-01,25.92,25.92
2016-04-04,25.61,25.61
2016-04-05,25.88,25.88
2016-04-06,25.32,25.32
2016-04-07,25.34,25.34
2016-04-08,25.43,25.43
2016-04-11,25.76,25.76
2016-04-12,26.13,26.13
2016-04-13,26.15,26.15
2016-04-14,25.62,25.62
2016-04-15,25.07,25.07
2016-04-18,24.94,24.94
2016-04-19,24.99,24.99
2016-04-20,24.72,24.72
2016-04-21,24.65,24.65
2016-04-22,24.51,24.51
2016-04-25,24.34,24.34
2016-04-26,22.82,22.82
2016-04-27,22.12,22.12
2016-04-28,21.86,21.86
2016-04-29,21.84,21.84
2016-05-02,22.2,22.2
2016-05-03,21.97,21.97
2016-05-04,21.88,21.88
2016-05-05,21.76,21.76
2016-05-06,21.77,21.77
2016-05-09,21.92,21.92
2016-05-10,21.71,21.71
2016-05-11,21.2,21.2
2016-05-12,21.24,21.24
2016-05-13,22.03,22.03
2016-05-16,21.94,21.94
2016-05-17,22.19,22.19
2016-05-18,22.11,22.11
2016-05-19,22.34,22.34
2016-05-20,22.63,22.63
2016-05-23,22.97,22.97
2016-05-24,23.38,23.38
2016-05-25,23.56,23.56
2016-05-26,23.55,23.55
2016-05-27,23.43,23.43
2016-05-31,23.1,23.1
2016-06-01,22.93,22.93
2016-06-02,22.98,22.98
2016-06-03,23.14,23.14
2016-06-06,23.24,23.24
2016-06-07,23.22,23.22
2016-06-08,23.38,23.38
2016-06-09,23.19,23.19
2016-06-10,22.84,22.84
2016-06-13,22.87,22.87
2016-06-14,22.8,22.8
2016-06-15,22.89,22.89
2016-06-16,22.37,22.37
2016-06-17,22.32,22.32
2016-06-20,22.51,22.51
2016-06-21,22.42,22.42
2016-06-22,22.55,22.55
2016-06-23,21.92,21.92
2016-06-24,21.6,21.6
2016-06-27,21.96,21.96
2016-06-28,22.15,22.15
2016-06-29,22.43,22.43
2016-06-30,22.5,22.5
2016-07-01,22.29,22.29
2016-07-05,22.42,22.42
2016-07-06,22.51,22.51
2016-07-07,22.69,22.69
2016-07-08,22.76,22.76
2016-07-11,22.86,22.86
2016-07-12,22.73,22.73
2016-07-13,23.18,23.18
2016-07-14,23.18,23.18
2016-07-15,23.43,23.43
2016-07-18,23.44,23.44
2016-07-19,23.46,23.46
2016-07-20,23.33,23.33
2016-07-21,23.15,23.15
2016-07-22,22.84,22.84
2016-07-25,22.68,22.68
2016-07-26,24.16,24.16
2016-07-27,24.48,24.48
2016-07-28,24.45,24.45
2016-07-29,24.89,24.89
2016-08-01,24.52,24.52
2016-08-02,24.83,24.83
2016-08-03,24.98,24.98
2016-08-04,25.36,25.36
2016-08-05,25.57,25.57
2016-08-08,25.67,25.67
2016-08-09,25.48,25.48
2016-08-10,25.46,25.46
2016-08-11,25.52,25.52
2016-08-12,25.83,25.83
2016-08-15,25.81,25.81
2016-08-16,25.77,25.77
2016-08-17,25.73,25.73
2016-08-18,25.8,25.8
2016-08-19,25.6,25.6
2016-08-22,25.68,25.68
2016-08-23,25.49,25.49
2016-08-24,25.38,25.38
2016-08-25,25.23,25.23
2016-08-26,25.2,25.2
2016-08-29,25.01,25.01
2016-08-30,25.03,25.03
2016-08-31,25.18,25.18
2016-09-01,25.42,25.42
2016-09-02,25.41,25.41
2016-09-06,25.57,25.57
2016-09-07,24.9,24.9
2016-09-08,24.33,24.33
2016-09-09,24.88,24.88
2016-09-12,25.47,25.47
2016-09-13,26.37,26.37
2016-09-14,27.27,27.27
2016-09-15,27.11,27.11
2016-09-16,26.8,26.8
2016-09-19,26.79,26.79
2016-09-20,26.79,26.79
2016-09-21,27.04,27.04
2016-09-22,26.59,26.59
2016-09-23,26.63,26.63
2016-09-26,26.68,26.68
2016-09-27,26.88,26.88
2016-09-28,26.47,26.47
2016-09-29,26.67,26.67
2016-09-30,26.55,26.55
2016-10-03,26.66,26.66
2016-10-04,26.67,26.67
2016-10-05,26.87,26.87
2016-10-06,26.91,26.91
2016-10-07,27.38,27.38
2016-10-10,27.44,27.44
2016-10-11,27.68,27.68
2016-10-12,27.6,27.6
2016-10-13,27.75,27.75
2016-10-14,27.73,27.73
2016-10-17,27.71,27.71
2016-10-18,27.63,27.63
2016-10-19,27.62,27.62
2016-10-20,27.51,27.51
2016-10-21,27.76,27.76
2016-10-24,27.9,27.9
2016-10-25,27.27,27.27
2016-10-26,27.01,27.01
2016-10-27,26.83,26.83
2016-10-28,26.79,26.79
2016-10-31,26.3,26.3
2016-11-01,26.33,26.33
2016-11-02,26.05,26.05
2016-11-03,25.81,25.81
2016-11-04,26.18,26.18
2016-11-07,26.34,26.34
2016-11-08,26.3,26.3
2016-11-09,25.56,25.56
2016-11-10,25.71,25.71
2016-11-11,25.07,25.07
2016-11-14,25.4,25.4
2016-11-15,26.08,26.08
2016-11-16,26.07,26.07
2016-11-17,26.1,26.1
2016-11-18,26.5,26.5
2016-11-21,26.51,26.51
2016-11-22,26.38,26.38
2016-11-23,26.51,26.51
2016-11-25,26.46,26.46
2016-11-28,26.43,26.43
2016-11-29,26.21,26.21
2016-11-30,25.97,25.97
2016-12-01,26.06,26.06
2016-12-02,25.88,25.88
2016-12-05,26.07,26.07
2016-12-06,26.33,26.33
2016-12-07,26.59,26.59
2016-12-08,27.02,27.02
2016-12-09,26.87,26.87
2016-12-12,27.32,27.32
2016-12-13,27.32,27.32
2016-12-14,27.47,27.47
2016-12-15,27.5,27.5
2016-12-16,27.66,27.66
2016-12-19,27.73,27.73
2016-12-20,27.76,27.76
2016-12-21,27.58,27.58
2016-12-22,27.63,27.63
2016-12-23,27.81,27.81
2016-12-27,27.69,27.69
2016-12-28,27.68,27.68
2016-12-29,27.47,27.47
2016-12-30,27.55,27.55
2017-01-03,27.51,27.51
2017-01-04,27.65,27.65
2017-01-05,27.96,27.96
2017-01-06,28.22,28.22
2017-01-09,28.25,28.25
2017-01-10,28.4,28.4
2017-01-11,28.28,28.28
2017-01-12,28.23,28.23
2017-01-13,28.46,28.46
2017-01-17,28.46,28.46
2017-01-18,28.41,28.41
2017-01-19,28.46,28.46
2017-01-20,28.48,28.48
2017-01-23,28.45,28.45
2017-01-24,28.9,28.9
2017-01-25,28.92,28.92
2017-01-26,28.92,28.92
2017-01-27,28.84,28.84
2017-01-30,28.78,28.78
2017-01-31,30.53,30.53
2017-02-01,30.48,30.48
2017-02-02,30.61,30.61
2017-02-03,30.9,30.9
2017-02-06,31.19,31.19
2017-02-07,31.31,31.31
2017-02-08,31.54,31.54
2017-02-09,31.47,31.47
2017-02-10,31.75,31.75
2017-02-13,32.16,32.16
2017-02-14,32.27,32.27
2017-02-15,32.24,32.24
2017-02-16,32.32,32.32
2017-02-17,32.56,32.56
2017-02-21,32.66,32.66
2017-02-22,32.52,32.52
2017-02-23,32.55,32.55
2017-02-24,32.61,32.61
2017-02-27,32.63,32.63
2017-02-28,33.29,33.29
2017-03-01,33.1,33.1
2017-03-02,33.29,33.29
2017-03-03,33.19,33.19
2017-03-06,33.23,33.23
2017-03-07,33.11,33.11
2017-03-08,33.03,33.03
2017-03-09,33.14,33.14
2017-03-10,33.15,33.15
2017-03-13,33.1,33.1
2017-03-14,33.45,33.45
2017-03-15,33.51,33.51
2017-03-16,33.34,33.34
2017-03-17,33.69,33.69
2017-03-20,33.31,33.31
2017-03-21,33.68,33.68
2017-03-22,33.56,33.56
2017-03-23,33.5,33.5
2017-03-24,33.55,33.55
2017-03-27,34.25,34.25
2017-03-28,34.33,34.33
2017-03-29,34.28,34.28
2017-03-30,34.22,34.22
2017-03-31,34.23,34.23
2017-04-03,34.48,34.48
2017-04-04,34.3,34.3
2017-04-05,34.22,34.22
2017-04-06,34.14,34.14
2017-04-07,34.1,34.1
2017-04-10,33.73,33.73
2017-04-11,33.77,33.77
2017-04-12,33.59,33.59
2017-04-13,33.78,33.78
2017-04-17,33.63,33.63
2017-04-18,33.51,33.51
2017-04-19,33.93,33.93
2017-04-20,33.88,33.88
2017-04-21,34.21,34.21
2017-04-24,34.42,34.42
2017-04-25,34.22,34.22
2017-04-26,34.25,34.25
2017-04-27,34.21,34.21
2017-04-28,34.91,34.91
2017-05-01,35.13,35.13
2017-05-02,35.03,35.03
2017-05-03,34.9,34.9
2017-05-04,35.48,35.48
2017-05-05,36.44,36.44
2017-05-08,36.68,36.68
2017-05-09,36.5,36.5
2017-05-10,36.82,36.82
2017-05-11,37.33,37.33
2017-05-12,37.24,37.24
2017-05-15,37.18,37.18
2017-05-16,35.93,35.93
2017-05-17,36.48,36.48
2017-05-18,36.6,36.6
2017-05-19,36.83,36.83
2017-05-22,36.78,36.78
2017-05-23,36.67,36.67
2017-05-24,36.8,36.8
2017-05-25,36.74,36.74
2017-05-26,36.75,36.75
2017-05-30,36.53,36.53
2017-05-31,36.63,36.63
2017-06-01,37.18,37.18
2017-06-02,36.81,36.81
2017-06-05,36.94,36.94
2017-06-06,37.16,37.16
2017-06-07,37.07,37.07
2017-06-08,35.63,35.63
2017-06-09,34.78,34.78
2017-06-12,35.06,35.06
2017-06-13,34.71,34.71
2017-06-14,34.51,34.51
2017-06-15,34.02,34.02
2017-06-16,35.0,35.0
2017-06-19,34.68,34.68
2017-06-20,34.88,34.88
2017-06-21,34.83,34.83
2017-06-22,34.98,34.98
2017-06-23,34.87,34.87
2017-06-26,34.37,34.37
2017-06-27,34.87,34.87
2017-06-28,34.36,34.36
2017-06-29,34.44,34.44
2017-06-30,34.32,34.32
2017-07-03,34.46,34.46
2017-07-05,34.13,34.13
2017-07-06,34.48,34.48
2017-07-07,34.69,34.69
2017-07-10,34.8,34.8
2017-07-11,34.85,34.85
2017-07-12,35.34,35.34
2017-07-13,35.64,35.64
2017-07-14,35.77,35.77
2017-07-17,35.89,35.89
2017-07-18,36.12,36.12
2017-07-19,35.95,35.95
2017-07-20,35.94,35.94
2017-07-21,36.37,36.37
2017-07-24,36.53,36.53
2017-07-25,36.7,36.7
2017-07-26,36.01,36.01
2017-07-27,35.75,35.75
2017-07-28,35.57,35.57
2017-07-31,35.88,35.88
2017-08-01,37.58,37.58
2017-08-02,37.2,37.2
2017-08-03,37.4,37.4
2017-08-04,37.98,37.98
2017-08-07,38.28,38.28
2017-08-08,38.52,38.52
2017-08-09,37.29,37.29
2017-08-10,37.81,37.81
2017-08-11,38.38,38.38
2017-08-14,38.8,38.8
2017-08-15,38.65,38.65
2017-08-16,37.9,37.9
2017-08-17,37.82,37.82
2017-08-18,37.75,37.75
2017-08-21,38.37,38.37
2017-08-22,38.41,38.41
2017-08-23,38.24,38.24
2017-08-24,38.39,38.39
2017-08-25,38.77,38.77
2017-08-28,39.12,39.12
2017-08-29,39.22,39.22
2017-08-30,39.38,39.38
2017-08-31,39.39,39.39
2017-09-01,38.92,38.92
2017-09-05,38.88,38.88
2017-09-06,38.72,38.72
2017-09-07,38.09,38.09
2017-09-08,38.78,38.78
2017-09-11,38.63,38.63
2017-09-12,38.33,38.33
2017-09-13,38.01,38.01
2017-09-14,38.39,38.39
2017-09-15,38.1,38.1
2017-09-18,38.11,38.11
2017-09-19,37.48,37.48
2017-09-20,36.83,36.83
2017-09-21,36.47,36.47
2017-09-22,36.15,36.15
2017-09-25,36.77,36.77
2017-09-26,37.03,37.03
2017-09-27,36.81,36.81
2017-09-28,37.01,37.01
2017-09-29,36.93,36.93
2017-10-02,37.09,37.09
2017-10-03,36.85,36.85
2017-10-04,37.31,37.31
2017-10-05,37.29,37.29
2017-10-06,37.42,37.42
2017-10-09,37.43,37.43
2017-10-10,37.59,37.59
2017-10-11,37.46,37.46
2017-10-12,37.7,37.7
2017-10-13,38.39,38.39
2017-10-16,38.53,38.53
2017-10-17,38.36,38.36
2017-10-18,37.45,37.45
2017-10-19,37.52,37.52
2017-10-20,37.5,37.5
2017-10-23,37.72,37.72
2017-10-24,37.56,37.56
2017-10-25,37.8,37.8
2017-10-26,39.15,39.15
2017-10-27,40.03,40.03
2017-10-30,40.59,40.59
2017-10-31,40.07,40.07
2017-11-01,40.37,40.37
2017-11-02,41.42,41.42
2017-11-03,41.84,41.84
2017-11-06,41.97,41.97
2017-11-07,42.32,42.32
2017-11-08,42.23,42.23
2017-11-09,42.09,42.09
2017-11-10,41.92,41.92
2017-11-13,41.29,41.29
2017-11-14,40.75,40.75
2017-11-15,41.23,41.23
2017-11-16,41.0,41.0
2017-11-17,40.96,40.96
2017-11-20,41.72,41.72
2017-11-21,42.16,42.16
2017-11-22,42.16,42.16
2017-11-24,41.95,41.95
2017-11-27,41.71,41.71
2017-11-28,40.84,40.84
2017-11-29,41.41,41.41
2017-11-30,41.22,41.22
2017-12-01,40.92,40.92
2017-12-04,40.88,40.88
2017-12-05,40.73,40.73
2017-12-06,40.8,40.8
2017-12-07,40.82,40.82
2017-12-08,41.61,41.61
2017-12-11,41.38,41.38
2017-12-12,41.51,41.51
2017-12-13,41.5,41.5
2017-12-14,41.92,41.92
2017-12-15,42.51,42.51
2017-12-18,42.06,42.06
2017-12-19,42.02,42.02
2017-12-20,42.17,42.17
2017-12-21,42.17,42.17
2017-12-22,41.1,41.1
2017-12-26,41.11,41.11
2017-12-27,41.23,41.23
2017-12-28,40.78,40.78
2017-12-29,41.51,41.51
2018-01-02,41.5,41.5
2018-01-03,41.7,41.7
2018-01-04,42.17,42.17
2018-01-05,42.02,42.02
2018-01-08,42.01,42.01
2018-01-09,42.0,42.0
2018-01-10,42.24,42.24
2018-01-11,42.68,42.68
2018-01-12,42.46,42.46
2018-01-16,43.16,43.16
2018-01-17,43.2,43.2
2018-01-18,43.01,43.01
2018-01-19,42.65,42.65
2018-01-22,42.66,42.66
2018-01-23,41.98,41.98
2018-01-24,41.23,41.23
2018-01-25,41.33,41.33
2018-01-26,40.48,40.48
2018-01-29,40.24,40.24
2018-01-30,40.35,40.35
2018-01-31,40.43,40.43
2018-02-01,38.68,38.68
2018-02-02,37.71,37.71
2018-02-05,39.29,39.29
2018-02-06,38.45,38.45
2018-02-07,37.39,37.39
2018-02-08,37.84,37.84
2018-02-09,39.37,39.37
2018-02-12,39.76,39.76
2018-02-13,40.5,40.5
2018-02-14,41.86,41.86
2018-02-15,41.72,41.72
2018-02-16,41.58,41.58
2018-02-20,41.39,41.39
2018-02-21,41.74,41.74
2018-02-22,42.46,42.46
2018-02-23,43.3,43.3
2018-02-26,43.16,43.16
2018-02-27,43.1,43.1
2018-02-28,42.34,42.34
2018-03-01,42.63,42.63
2018-03-02,42.78,42.78
2018-03-05,42.75,42.75
2018-03-06,42.35,42.35
2018-03-07,42.81,42.81
2018-03-08,43.55,43.55
2018-03-09,43.97,43.97
2018-03-12,43.54,43.54
2018-03-13,43.17,43.17
2018-03-14,43.22,43.22
2018-03-15,43.07,43.07
2018-03-16,42.41,42.41
2018-03-19,42.4,42.4
2018-03-20,41.44,41.44
2018-03-21,40.85,40.85
2018-03-22,39.91,39.91
2018-03-23,41.8,41.8
2018-03-26,40.73,40.73
2018-03-27,40.28,40.28
2018-03-28,40.59,40.59
2018-03-29,40.33,40.33
2018-04-02,40.74,40.74
2018-04-03,41.52,41.52
2018-04-04,41.81,41.81
2018-04-05,40.74,40.74
2018-04-06,41.14,41.14
2018-04-09,41.92,41.92
2018-04-10,41.72,41.72
2018-04-11,42.13,42.13
2018-04-12,42.28,42.28
2018-04-13,42.54,42.54
2018-04-16,43.13,43.13
2018-04-17,43.03,43.03
2018-04-18,41.81,41.81
2018-04-19,40.1,40.1
2018-04-20,39.98,39.98
2018-04-23,39.42,39.42
2018-04-24,39.6,39.6
2018-04-25,39.73,39.73
2018-04-26,39.27,39.27
2018-04-27,39.99,39.99
2018-04-30,40.91,40.91
2018-05-01,42.72,42.72
2018-05-02,42.8,42.8
2018-05-03,44.48,44.48
2018-05-04,44.8,44.8
2018-05-07,45.02,45.02
2018-05-08,45.33,45.33
2018-05-09,45.98,45.98
2018-05-10,45.81,45.81
2018-05-11,45.7,45.7
2018-05-14,45.28,45.28
2018-05-15,45.71,45.71
2018-05-16,45.42,45.42
2018-05-17,45.25,45.25
2018-05-18,45.57,45.57
2018-05-21,45.46,45.46
2018-05-22,45.75,45.75
2018-05-23,45.7,45.7
2018-05-24,45.8,45.8
2018-05-25,45.64,45.64
2018-05-29,45.54,45.54
2018-05-30,45.39,45.39
2018-05-31,46.21,46.21
2018-06-01,46.59,46.59
2018-06-04,46.95,46.95
2018-06-05,47.12,47.12
2018-06-06,46.99,46.99
2018-06-07,46.56,46.56
2018-06-08,46.45,46.45
2018-06-11,46.7,46.7
2018-06-12,46.32,46.32
2018-06-13,46.34,46.34
2018-06-14,45.87,45.87
2018-06-15,45.84,45.84
2018-06-18,45.1,45.1
2018-06-19,45.3,45.3
2018-06-20,45.05,45.05
2018-06-21,44.92,44.92
2018-06-22,44.25,44.25
2018-06-25,44.8,44.8
2018-06-26,44.73,44.73
2018-06-27,45.06,45.06
2018-06-28,44.96,44.96
2018-06-29,45.46,45.46
2018-07-02,44.67,44.67
2018-07-03,45.03,45.03
2018-07-05,45.66,45.66
2018-07-06,46.29,46.29
2018-07-09,46.23,46.23
2018-07-10,45.63,45.63
2018-07-11,46.4,46.4
2018-07-12,46.47,46.47
2018-07-13,46.37,46.37
2018-07-16,46.5,46.5
2018-07-17,46.25,46.25
2018-07-18,46.61,46.61
2018-07-19,46.5,46.5
2018-07-20,46.54,46.54
2018-07-23,46.88,46.88
2018-07-24,47.32,47.32
2018-07-25,47.17,47.17
2018-07-26,46.39,46.39
2018-07-27,46.13,46.13
2018-07-30,46.22,46.22
2018-07-31,48.94,48.94
2018-08-01,50.37,50.37
2018-08-02,50.52,50.52
2018-08-03,50.78,50.78
2018-08-06,50.3,50.3
2018-08-07,50.34,50.34
2018-08-08,50.73,50.73
2018-08-09,50.58,50.58
2018-08-10,50.91,50.91
2018-08-13,51.13,51.13
2018-08-14,51.24,51.24
2018-08-15,52.0,52.0
2018-08-16,53.03,53.03
2018-08-17,52.52,52.52
2018-08-20,52.41,52.41
2018-08-21,52.42,52.42
2018-08-22,52.52,52.52
2018-08-23,52.69,52.69
2018-08-24,53.12,53.12
2018-08-27,53.55,53.55
2018-08-28,54.35,54.35
2018-08-29,54.85,54.85
2018-08-30,55.48,55.48
2018-08-31,55.66,55.66
2018-09-04,55.3,55.3
2018-09-05,54.38,54.38
2018-09-06,53.94,53.94
2018-09-07,53.22,53.22
2018-09-10,54.56,54.56
2018-09-11,53.88,53.88
2018-09-12,55.19,55.19
2018-09-13,54.56,54.56
2018-09-14,53.11,53.11
2018-09-17,53.19,53.19
2018-09-18,53.23,53.23
2018-09-19,53.63,53.63
2018-09-20,53.05,53.05
2018-09-21,53.82,53.82
2018-09-24,54.16,54.16
2018-09-25,53.73,53.73
2018-09-26,54.83,54.83
2018-09-27,55.02,55.02
2018-09-28,55.39,55.39
2018-10-01,55.89,55.89
2018-10-02,56.57,56.57
2018-10-03,55.57,55.57
2018-10-04,54.67,54.67
2018-10-05,54.54,54.54
2018-10-08,55.3,55.3
2018-10-09,52.74,52.74
2018-10-10,52.27,52.27
2018-10-11,54.14,54.14
2018-10-12,52.98,52.98
2018-10-15,54.15,54.15
2018-10-16,53.91,53.91
2018-10-17,52.65,52.65
2018-10-18,53.46,53.46
2018-10-19,53.78,53.78
2018-10-22,54.29,54.29
2018-10-23,52.43,52.43
2018-10-24,53.58,53.58
2018-10-25,52.72,52.72
2018-10-26,51.73,51.73
2018-10-29,51.99,51.99
2018-10-30,53.35,53.35
2018-10-31,54.16,54.16
2018-11-01,50.57,50.57
2018-11-02,49.14,49.14
2018-11-05,49.67,49.67
2018-11-06,51.17,51.17
2018-11-07,51.0,51.0
2018-11-08,50.01,50.01
2018-11-09,47.49,47.49
2018-11-12,47.02,47.02
2018-11-13,45.69,45.69
2018-11-14,46.82,46.82
2018-11-15,47.34,47.34
2018-11-16,45.46,45.46
2018-11-19,43.29,43.29
2018-11-20,43.24,43.24
2018-11-21,42.14,42.14
2018-11-23,42.71,42.71
2018-11-26,42.62,42.62
2018-11-27,44.26,44.26
2018-11-28,43.92,43.92
2018-11-29,43.68,43.68
2018-11-30,45.21,45.21
2018-12-03,43.22,43.22
2018-12-04,42.74,42.74
2018-12-06,41.21,41.21
2018-12-07,41.48,41.48
2018-12-10,41.25,41.25
2018-12-11,41.36,41.36
2018-12-12,41.81,41.81
2018-12-13,40.48,40.48
2018-12-14,40.1,40.1
2018-12-17,40.62,40.62
2018-12-18,39.35,39.35
2018-12-19,38.36,38.36
2018-12-20,36.87,36.87
2018-12-21,35.91,35.91
2018-12-24,38.44,38.44
2018-12-26,38.19,38.19
2018-12-27,38.21,38.21
2018-12-28,38.58,38.58
2018-12-31,38.63,38.63
2019-01-02,34.78,34.78
2019-01-03,36.26,36.26
2019-01-04,36.18,36.18
2019-01-07,36.87,36.87
2019-01-08,37.5,37.5
2019-01-09,37.62,37.62
2019-01-10,37.25,37.25
2019-01-11,36.69,36.69
2019-01-14,37.44,37.44
2019-01-15,37.9,37.9
2019-01-16,38.12,38.12
2019-01-17,38.36,38.36
2019-01-18,37.5,37.5
2019-01-22,37.65,37.65
2019-01-23,37.35,37.35
2019-01-24,38.59,38.59
2019-01-25,38.23,38.23
2019-01-28,37.83,37.83
2019-01-29,40.42,40.42
2019-01-30,40.71,40.71
2019-01-31,40.73,40.73
2019-02-01,41.89,41.89
2019-02-04,42.6,42.6
2019-02-05,42.62,42.62
2019-02-06,41.81,41.81
2019-02-07,41.86,41.86
2019-02-08,41.62,41.62
2019-02-11,41.98,41.98
2019-02-12,41.8,41.8
2019-02-13,41.96,41.96
2019-02-14,41.86,41.86
2019-02-15,41.99,41.99
2019-02-19,42.26,42.26
2019-02-20,42.02,42.02
2019-02-21,42.49,42.49
2019-02-22,42.8,42.8
2019-02-25,42.82,42.82
2019-02-26,42.96,42.96
2019-02-27,42.53,42.53
2019-02-28,42.98,42.98
2019-03-01,43.2,43.2
2019-03-04,43.12,39.19890213012695
2019-03-05,42.87,39.090213775634766
2019-03-06,42.37,38.910362243652344
2019-03-07,42.47,38.32754135131836
2019-03-08,43.95,38.531864166259766
2019-03-11,44.44,39.934303283691406
2019-03-12,44.64,40.56087875366211
2019-03-13,45.13,40.565242767333984
2019-03-14,45.72,41.24044418334961
2019-03-15,46.19,41.82944107055664
2019-03-18,45.82,42.07530212402344
2019-03-19,46.22,41.56070327758789
2019-03-20,47.92,42.22956466674805
2019-03-21,46.93,43.90700149536133
2019-03-22,46.36,42.921199798583984
2019-03-25,45.88,42.38713073730469
2019-03-26,46.3,41.856632232666016
2019-03-27,46.36,42.29356384277344
2019-03-28,46.66,42.341976165771484
2019-03-29,46.98,42.53187942504883
2019-04-01,47.66,43.110633850097656
2019-04-02,47.99,43.430789947509766
2019-04-03,48.07,43.94789123535156
2019-04-04,48.39,43.857521057128906
2019-04-05,49.15,44.419288635253906
2019-04-08,49.01,44.9915771484375
2019-04-09,49.28,44.82992935180664
2019-04-10,48.87,45.20217514038086
2019-04-11,48.85,44.88365173339844
2019-04-12,48.94,44.844600677490234
2019-04-15,48.94,44.96493911743164
2019-04-16,49.9,44.96249008178711
2019-04-17,50.08,45.89548873901367
2019-04-18,50.24,45.851417541503906
2019-04-22,50.97,46.33358383178711
2019-04-23,50.89,46.91160202026367
2019-04-24,50.43,46.8638801574707
2019-04-25,50.19,46.36750793457031
2019-04-26,50.26,46.137699127197266
2019-04-29,49.29,46.35722732543945
2019-04-30,51.71,45.35987091064453
2019-05-01,51.38,47.77387237548828
2019-05-02,52.02,47.38814926147461
2019-05-03,51.21,47.929683685302734
2019-05-06,49.83,47.33549118041992
2019-05-07,49.84,46.029701232910156
2019-05-08,49.31,45.85139083862305
2019-05-09,48.63,45.24448013305664
2019-05-10,45.8,44.534488677978516
2019-05-13,46.52,41.53025817871094
2019-05-14,47.08,42.48240661621094
2019-05-15,46.87,42.92025375366211
2019-05-16,46.61,42.643184661865234
2019-05-17,45.15,42.46659851074219
2019-05-20,46.02,41.118934631347656
2019-05-21,45.07,41.811222076416016
2019-05-22,44.31,40.95598220825195
2019-05-23,44.13,40.23506164550781
2019-05-24,43.95,40.002445220947266
2019-05-28,43.74,39.96830368041992
2019-05-29,43.97,39.70355224609375
2019-05-30,43.17,40.0230827331543
2019-05-31,42.74,39.10795974731445
2019-06-03,44.3,38.61301803588867
2019-06-04,45.02,40.29386520385742
2019-06-05,45.68,40.945796966552734
2019-06-06,46.89,41.49662399291992
2019-06-07,47.49,42.989105224609375
2019-06-10,48.04,43.67145919799805
2019-06-11,47.89,43.98655700683594
2019-06-12,47.88,44.063716888427734
2019-06-13,47.53,43.9318962097168
2019-06-14,47.81,43.67782974243164
2019-06-17,48.94,43.530826568603516
2019-06-18,48.8,44.86374282836914
2019-06-19,49.19,44.89766311645508
2019-06-20,49.02,45.25630187988281
2019-06-21,48.97,45.014408111572266
2019-06-24,48.23,45.045406341552734
2019-06-25,49.27,44.069984436035156
2019-06-26,49.26,45.38691329956055
2019-06-27,48.81,45.14826965332031
2019-06-28,49.7,44.856834411621094
2019-07-01,49.99,45.87241744995117
2019-07-02,50.41,46.15392303466797
2019-07-03,50.36,46.64472961425781
2019-07-05,49.33,46.489070892333984
2019-07-08,49.63,45.41397476196289
2019-07-09,50.12,45.7497673034668
2019-07-10,49.75,46.14854431152344
2019-07-11,50.13,45.877174377441406
2019-07-12,50.61,46.21803283691406
2019-07-15,50.43,46.76117706298828
2019-07-16,50.15,46.585975646972656
2019-07-17,50.72,46.06228256225586
2019-07-18,49.96,46.786781311035156
2019-07-19,51.1,45.97710037231445
2019-07-22,51.5,46.94547653198242
2019-07-23,51.46,47.404178619384766
2019-07-24,51.05,47.58302307128906
2019-07-25,51.23,47.18708801269531
2019-07-26,51.71,47.274986267089844
2019-07-29,51.49,47.77122497558594
2019-07-30,52.54,47.70228958129883
2019-07-31,51.4,48.7227668762207
2019-08-01,50.31,47.609466552734375
2019-08-02,47.68,46.45964813232422
2019-08-05,48.58,43.66427993774414
2019-08-06,49.08,44.62688064575195
2019-08-07,50.17,44.91609573364258
2019-08-08,49.76,46.34883499145508
2019-08-09,49.63,45.72309494018555
2019-08-12,51.73,45.44095230102539
2019-08-13,50.19,47.56296157836914
2019-08-14,49.94,46.161048889160156
2019-08-15,51.12,45.840579986572266
2019-08-16,52.07,46.98503494262695
2019-08-19,52.07,48.11771774291992
2019-08-20,52.64,47.89995193481445
2019-08-21,52.59,48.43886184692383
2019-08-22,50.16,48.52545928955078
2019-08-23,51.12,45.917728424072266
2019-08-26,50.54,47.11207962036133
2019-08-27,50.88,46.51271057128906
2019-08-28,51.74,46.87893295288086
2019-08-29,51.67,47.89800262451172
2019-08-30,50.92,48.226234436035156
2019-09-03,51.78,47.20571517944336
2019-09-04,52.8,48.19145965576172
2019-09-05,52.79,48.97368240356445
2019-09-06,53.02,49.16801071166992
2019-09-09,53.64,49.46521759033203
2019-09-10,55.35,49.77670669555664
2019-09-11,55.23,51.82343292236328
2019-09-12,54.15,51.6275634765625
2019-09-13,54.44,50.73139190673828
2019-09-16,54.63,50.60092544555664
2019-09-17,55.15,50.79024124145508
2019-09-18,54.7,51.355743408203125
2019-09-19,53.9,51.00642395019531
2019-09-20,54.14,50.34251403808594
2019-09-23,53.89,50.546974182128906
2019-09-24,54.72,50.38943099975586
2019-09-25,54.43,51.387935638427734
2019-09-26,54.17,50.76945877075195
2019-09-27,55.44,50.5997428894043
2019-09-30,55.6,52.07620620727539
2019-10-01,54.2,52.203773498535156
2019-10-02,54.66,50.59302520751953
2019-10-03,56.2,51.12331008911133
2019-10-04,56.21,52.99580383300781
2019-10-07,55.55,52.78398513793945
2019-10-08,56.2,52.08180236816406
2019-10-09,56.96,52.792808532714844
2019-10-10,58.47,53.562259674072266
2019-10-11,58.39,54.975059509277344
2019-10-14,58.25,54.96544647216797
2019-10-15,58.02,54.882015228271484
2019-10-16,58.24,54.621482849121094
2019-10-17,58.52,54.66944885253906
2019-10-18,59.54,55.078121185302734
2019-10-21,59.4,56.235050201416016
2019-10-22,60.2,56.04814147949219
2019-10-23,60.3,56.86204528808594
2019-10-24,61.04,56.897064208984375
