,Ticker,Timestamp,Sentiment,Sentiment_change
79811,AMZN,2019-12-07,0.7864478653280133,0.8147180949838343
79812,AMZN,2019-12-08,1.146107855049688,0.3596599897216747
79813,AMZN,2019-12-09,-0.6404500377517585,-1.7865578928014463
79814,AMZN,2019-12-10,0.26471683669806784,0.9051668744498262
79815,AMZN,2019-12-11,1.3203724160820354,1.0556555793839675
79816,AMZN,2019-12-12,1.7203848975014522,0.4000124814194168
79817,AMZN,2019-12-13,1.842309020805923,0.12192412330447078
79818,AMZN,2019-12-14,1.1886630478469693,-0.6536459729589537
79819,AMZN,2019-12-15,0.10257413580150468,-1.0860889120454646
79820,AMZN,2019-12-16,1.001026616391996,0.8984524805904914
79821,AMZN,2019-12-17,1.2143714613033674,0.2133448449113713
79822,AMZN,2019-12-18,1.7227109625283956,0.5083395012250282
79823,AMZN,2019-12-19,2.685932143428262,0.9632211808998663
79824,AMZN,2019-12-20,0.7512362331950495,-1.9346959102332124
79825,AMZN,2019-12-21,-0.9368493925686792,-1.6880856257637287
79826,AMZN,2019-12-22,-0.4354622210830171,0.5013871714856621
79827,AMZN,2019-12-23,0.7996968493112958,1.235159070394313
79828,AMZN,2019-12-24,1.7605439853026903,0.9608471359913945
79829,AMZN,2019-12-25,1.1212228562228854,-0.6393211290798049
79830,AMZN,2019-12-26,0.6357638302165791,-0.4854590260063063
79831,AMZN,2019-12-27,0.4289365676073957,-0.20682726260918344
79832,AMZN,2019-12-28,0.26456810456469554,-0.16436846304270014
79833,AMZN,2019-12-29,0.03673590460533223,-0.22783219995936332
79834,AMZN,2019-12-30,0.5788021413972376,0.5420662367919054
79835,AMZN,2019-12-31,0.8580205786827617,0.2792184372855241
79836,AMZN,2020-01-01,0.2999325162131435,-0.5580880624696183
79837,AMZN,2020-01-02,0.6076996279578423,0.3077671117446988
79838,AMZN,2020-01-03,1.154493118949701,0.5467934909918587
79839,AMZN,2020-01-04,0.6470279483641389,-0.5074651705855621
79840,AMZN,2020-01-05,0.591312542898047,-0.05571540546609188
79841,AMZN,2020-01-06,1.1437766489266616,0.5524641060286146
79842,AMZN,2020-01-07,1.3155592040118005,0.17178255508513884
79843,AMZN,2020-01-08,1.3674637875022877,0.05190458349048721
79844,AMZN,2020-01-09,1.4883320756423408,0.12086828814005313
79845,AMZN,2020-01-10,2.034376770129777,0.546044694487436
79846,AMZN,2020-01-11,1.164430070751479,-0.8699466993782978
79847,AMZN,2020-01-12,1.5173434642431929,0.3529133934917139
79848,AMZN,2020-01-13,1.7021131646480876,0.1847697004048947
79849,AMZN,2020-01-14,1.0779585657144315,-0.6241545989336561
79850,AMZN,2020-01-15,1.3212165207702948,0.24325795505586334
79851,AMZN,2020-01-16,1.2093957233277541,-0.1118207974425407
79852,AMZN,2020-01-17,0.9904036522701596,-0.21899207105759455
79853,AMZN,2020-01-18,0.2830938881565561,-0.7073097641136035
79854,AMZN,2020-01-19,1.182723280409469,0.8996293922529128
79855,AMZN,2020-01-20,1.034528795458164,-0.14819448495130505
79856,AMZN,2020-01-21,1.39708005520313,0.36255125974496605
79857,AMZN,2020-01-22,0.8419501608623994,-0.5551298943407306
79858,AMZN,2020-01-23,0.25835745968053164,-0.5835927011818678
79859,AMZN,2020-01-24,0.5971358610946528,0.33877840141412113
79860,AMZN,2020-01-25,0.17384146585833907,-0.42329439523631374
79861,AMZN,2020-01-26,0.3657383895002975,0.19189692364195846
79862,AMZN,2020-01-27,1.1391903184977457,0.7734519289974482
79863,AMZN,2020-01-28,1.0850605888404226,-0.0541297296573231
79864,AMZN,2020-01-29,0.9419358309626608,-0.1431247578777618
79865,AMZN,2020-01-30,1.6210605130856006,0.6791246821229399
79866,AMZN,2020-01-31,1.157224030746948,-0.4638364823386527
79867,AMZN,2020-02-01,0.4344871965486077,-0.7227368341983402
79868,AMZN,2020-02-02,1.1985100130735586,0.764022816524951
79869,AMZN,2020-02-03,1.3106734640806224,0.11216345100706371
79870,AMZN,2020-02-04,1.6353605218986462,0.32468705781802387
79871,AMZN,2020-02-05,1.601120585785419,-0.03423993611322729
79872,AMZN,2020-02-06,1.3510326168274378,-0.25008796895798113
79873,AMZN,2020-02-07,1.884050741146584,0.5330181243191463
79874,AMZN,2020-02-08,-0.5361390025955967,-2.420189743742181
79875,AMZN,2020-02-09,-0.3267964561024159,0.20934254649318074
79876,AMZN,2020-02-10,-0.5963067005534732,-0.2695102444510573
79877,AMZN,2020-02-11,0.31959663945514777,0.915903340008621
79878,AMZN,2020-02-12,0.7082292836357565,0.3886326441806088
79879,AMZN,2020-02-13,0.33182730830351426,-0.3764019753322423
79880,AMZN,2020-02-14,0.6014315223134105,0.2696042140098962
79881,AMZN,2020-02-15,0.8653191660511252,0.2638876437377148
79882,AMZN,2020-02-16,0.8228466799803449,-0.04247248607078036
79883,AMZN,2020-02-17,0.7590278913738798,-0.06381878860646506
79884,AMZN,2020-02-18,0.800020267454869,0.04099237608098916
79885,AMZN,2020-02-19,0.2401503016815133,-0.5598699657733557
79886,AMZN,2020-02-20,1.8787667469813856,1.6386164452998724
79887,AMZN,2020-02-21,0.8710871577104005,-1.007679589270985
79888,AMZN,2020-02-22,0.978580655294888,0.10749349758448756
79889,AMZN,2020-02-23,0.8092549895392447,-0.16932566575564334
79890,AMZN,2020-02-24,0.8593898273689917,0.050134837829747037
79891,AMZN,2020-02-25,0.4154134757887023,-0.4439763515802894
79892,AMZN,2020-02-26,1.1825920700087762,0.767178594220074
79893,AMZN,2020-02-27,1.4815659538814017,0.29897388387262547
79894,AMZN,2020-02-28,1.0489587364540656,-0.4326072174273361
79895,AMZN,2020-02-29,-0.2287205564793463,-1.2776792929334118
79896,AMZN,2020-03-01,1.1874908654870528,1.4162114219663993
79897,AMZN,2020-03-02,1.2197652847837734,0.03227441929672059
79898,AMZN,2020-03-03,1.1324778298402094,-0.08728745494356405
79899,AMZN,2020-03-04,0.5499061439286825,-0.5825716859115269
79900,AMZN,2020-03-05,1.3795171617220978,0.8296110177934153
79901,AMZN,2020-03-06,0.07993196243468446,-1.2995851992874135
79902,AMZN,2020-03-07,-0.7387701273995536,-0.8187020898342381
79903,AMZN,2020-03-08,-0.5973782087998905,0.14139191859966316
79904,AMZN,2020-03-09,0.3675670904397931,0.9649452992396835
79905,AMZN,2020-03-10,-0.03657687362744173,-0.4041439640672348
79906,AMZN,2020-03-11,1.8069836597611857,1.8435605333886274
79907,AMZN,2020-03-12,1.7128074439152912,-0.09417621584589453
79908,AMZN,2020-03-13,-0.4307228551835768,-2.143530299098868
79909,AMZN,2020-03-14,-1.633833520402025,-1.203110665218448
79910,AMZN,2020-03-15,-0.8178517801224143,0.8159817402796106
79911,AMZN,2020-03-16,-0.9558278389445876,-0.13797605882217323
79912,AMZN,2020-03-17,-0.4506502501420733,0.5051775888025143
79913,AMZN,2020-03-18,-0.498023375656431,-0.047373125514357683
79914,AMZN,2020-03-19,-0.2460152087524826,0.25200816690394845
79915,AMZN,2020-03-20,-0.5382677344627156,-0.29225252571023297
79916,AMZN,2020-03-21,-0.9567779186071692,-0.4185101841444536
79917,AMZN,2020-03-22,-0.4250681151555771,0.5317098034515921
79918,AMZN,2020-03-23,0.056832302072084034,0.4819004172276611
79919,AMZN,2020-03-24,-0.2010418242500025,-0.2578741263220865
79920,AMZN,2020-03-25,-0.2415550989381345,-0.04051327468813201
79921,AMZN,2020-03-26,-0.2761328529969231,-0.03457775405878857
79922,AMZN,2020-03-27,-0.07893874610207248,0.19719410689485062
79923,AMZN,2020-03-28,-0.4920257970408704,-0.41308705093879794
79924,AMZN,2020-03-29,-0.5054158628894154,-0.013390065848545019
79925,AMZN,2020-03-30,-0.7953316023335396,-0.2899157394441242
79926,AMZN,2020-03-31,-1.3320708625021371,-0.5367392601685975
79927,AMZN,2020-04-01,-0.8496575630390365,0.48241329946310063
79928,AMZN,2020-04-02,-0.33752872387184113,0.5121288391671954
79929,AMZN,2020-04-03,-0.5762172134063412,-0.23868848953450011
79930,AMZN,2020-04-04,-1.1426862190084166,-0.5664690056020754
79931,AMZN,2020-04-05,-0.8575760984857717,0.28511012052264495
79932,AMZN,2020-04-06,-0.2299755972861145,0.6276005011996572
79933,AMZN,2020-04-07,0.06354648309703043,0.2935220803831449
79934,AMZN,2020-04-08,-0.2694714419133986,-0.33301792501042904
79935,AMZN,2020-04-09,-0.3251338065750044,-0.05566236466160579
79936,AMZN,2020-04-10,-0.6037540595448705,-0.2786202529698661
79937,AMZN,2020-04-11,0.20522213418827825,0.8089761937331488
79938,AMZN,2020-04-12,-0.4240797938579009,-0.6293019280461791
79939,AMZN,2020-04-13,-0.2836878607523771,0.14039193310552378
79940,AMZN,2020-04-14,-0.19128528904199169,0.09240257171038543
79941,AMZN,2020-04-15,-0.5016616473581674,-0.3103763583161757
79942,AMZN,2020-04-16,0.07364684242450277,0.5753084897826702
79943,AMZN,2020-04-17,-0.2695448869421251,-0.34319172936662784
79944,AMZN,2020-04-18,-0.6127049783364003,-0.34316009139427517
79945,AMZN,2020-04-19,-0.7206369471750133,-0.107931968838613
79946,AMZN,2020-04-20,0.1424157747516334,0.8630527219266466
79947,AMZN,2020-04-21,0.7551488839705129,0.6127331092188796
79948,AMZN,2020-04-22,0.5586008398574238,-0.19654804411308913
100443,AMT,2019-12-07,0.239463601532567,0.3266248179723169
100448,AMT,2019-12-12,1.6651248843663302,0.1669975435423603
100454,AMT,2019-12-18,4.22960725075529,2.4195831053504238
100455,AMT,2019-12-19,0.69364161849711,-3.53596563225818
100462,AMT,2019-12-26,0.8023036629377378,-0.9850064353643222
100466,AMT,2019-12-30,-0.1954137177583967,-1.972314013908447
100467,AMT,2019-12-31,2.8957528957529,3.0911666135112967
100470,AMT,2020-01-03,1.4177071302146609,0.48883453748767003
100471,AMT,2020-01-04,0.8837488777431265,-0.5339582524715344
100472,AMT,2020-01-05,-0.7785148661850269,-1.6622637439281533
100473,AMT,2020-01-06,-0.19301883168564865,0.5854960344993783
100474,AMT,2020-01-07,-0.6455382859877234,-0.4525194543020748
100475,AMT,2020-01-08,1.48731408573928,2.1328523717270036
100476,AMT,2020-01-09,0.7135796443379576,-0.7737344414013223
100477,AMT,2020-01-10,-2.0542266524578783,-2.767806296795836
100480,AMT,2020-01-13,1.58430910474507,1.7776628269476165
100485,AMT,2020-01-18,-3.96039603960396,-2.58551491239875
100486,AMT,2020-01-19,1.77705977382876,5.73745581343272
100487,AMT,2020-01-20,0.4921444264809516,-1.2849153473478083
100488,AMT,2020-01-21,2.51572327044025,2.0235788439592985
100489,AMT,2020-01-22,3.988726757605475,1.473003487165225
100490,AMT,2020-01-23,0.8888888888888891,-3.0998378687165857
100491,AMT,2020-01-24,1.2773881640791866,0.3884992751902976
100507,AMT,2020-02-09,1.9426906265177304,0.06336322790250049
100510,AMT,2020-02-12,-0.09218776096024706,0.20688145497182991
100511,AMT,2020-02-13,0.6915515382960417,0.7837392992562887
100516,AMT,2020-02-18,0.5457775702564438,2.582749848580029
100517,AMT,2020-02-19,0.535077288941735,-0.010700281314708793
100518,AMT,2020-02-20,2.23214285714286,1.6970655682011249
100519,AMT,2020-02-21,1.0519563333258468,-1.180186523817013
100522,AMT,2020-02-24,1.4530434408914932,0.8357594902742093
100523,AMT,2020-02-25,0.7387416746466603,-0.7143017662448329
100524,AMT,2020-02-26,0.5229092167501592,-0.21583245789650107
100525,AMT,2020-02-27,0.7815466883304173,0.25863747158025807
100526,AMT,2020-02-28,-0.8258352325511833,-1.6073819208816005
100527,AMT,2020-02-29,-1.4035087719298205,-0.5776735393786372
100532,AMT,2020-03-05,0.241407788577599,-5.3585922114224
100539,AMT,2020-03-12,2.57936507936508,0.44261294261294015
100540,AMT,2020-03-13,1.1353235114835374,-1.4440415678815426
100541,AMT,2020-03-14,0.6172839506172839,-0.5180395608662535
100544,AMT,2020-03-17,1.7467320635259898,0.03049275894983472
100545,AMT,2020-03-18,3.4615384615384603,1.7148063980124706
100559,AMT,2020-04-01,0.15440027144738228,-0.3447898942571732
100568,AMT,2020-04-10,0.6322444678609059,-0.07502235286836556
100574,AMT,2020-04-16,-6.25909752547307,-8.38553430708227
100575,AMT,2020-04-17,1.3215859030836998,7.58068342855677
100578,AMT,2020-04-20,0.3740648379052371,-1.2388383879012128
100579,AMT,2020-04-21,0.1877975665667435,-0.18626727133849358
100580,AMT,2020-04-22,0.286842120461666,0.0990445538949225
139128,AAPL,2019-12-07,0.7491979252615508,1.7248076813591118
139129,AAPL,2019-12-08,-0.03062127137794138,-0.7798191966394922
139130,AAPL,2019-12-09,0.6737338129407208,0.7043550843186621
139131,AAPL,2019-12-10,-0.5633118715829277,-1.2370456845236486
139132,AAPL,2019-12-11,0.30105317034512585,0.8643650419280535
139133,AAPL,2019-12-12,0.39435519328188623,0.09330202293676038
139134,AAPL,2019-12-13,0.14503869687087964,-0.2493164964110066
139135,AAPL,2019-12-14,-0.6875825916139371,-0.8326212884848168
139136,AAPL,2019-12-15,0.028213500165774907,0.715796091779712
139137,AAPL,2019-12-16,0.8674622293386581,0.8392487291728832
139138,AAPL,2019-12-17,-0.737697870041678,-1.605160099380336
139139,AAPL,2019-12-18,1.284106989476888,2.021804859518566
139140,AAPL,2019-12-19,1.168789899532509,-0.11531708994437895
139141,AAPL,2019-12-20,0.19425721882160168,-0.9745326807109074
139142,AAPL,2019-12-21,-0.12506258398908945,-0.31931980281069117
139143,AAPL,2019-12-22,0.7170018717124359,0.8420644557015253
139144,AAPL,2019-12-23,0.16420426983765746,-0.5527976018747784
139145,AAPL,2019-12-24,-0.10891195331532773,-0.27311622315298517
139146,AAPL,2019-12-25,-0.0760080388685087,0.03290391444681903
139147,AAPL,2019-12-26,1.0232170388422583,1.099225077710767
139148,AAPL,2019-12-27,0.4934479520071402,-0.5297690868351181
139149,AAPL,2019-12-28,0.006410958836070406,-0.4870369931710698
139150,AAPL,2019-12-29,0.8567437283618052,0.8503327695257348
139151,AAPL,2019-12-30,0.5079480237750074,-0.3487957045867979
139152,AAPL,2019-12-31,0.3708613142874568,-0.13708670948755058
139153,AAPL,2020-01-01,0.1807490206027205,-0.19011229368473628
139154,AAPL,2020-01-02,-0.3635353616174416,-0.5442843822201621
139155,AAPL,2020-01-03,-0.11067976014426624,0.2528556014731754
139156,AAPL,2020-01-04,-0.11092357161667232,-0.00024381147240608303
139157,AAPL,2020-01-05,0.9670970424024262,1.0780206140190987
139158,AAPL,2020-01-06,0.954161021198242,-0.012936021204184245
139159,AAPL,2020-01-07,0.5224607501645571,-0.4317002710336849
139160,AAPL,2020-01-08,0.4772467538325007,-0.04521399633205636
139161,AAPL,2020-01-09,-0.07271174822852662,-0.5499585020610274
139162,AAPL,2020-01-10,-0.4868254902897465,-0.41411374206121987
139163,AAPL,2020-01-11,0.2885996233176107,0.7754251136073571
139164,AAPL,2020-01-12,-0.4309833583475887,-0.7195829816651994
139165,AAPL,2020-01-13,-0.7920317332801321,-0.3610483749325434
139166,AAPL,2020-01-14,-0.6155008207974579,0.17653091248267416
139167,AAPL,2020-01-15,-1.0305212401324717,-0.41502041933501377
139168,AAPL,2020-01-16,0.4386880436928118,1.4692092838252835
139169,AAPL,2020-01-17,0.21611900199472112,-0.22256904169809066
139170,AAPL,2020-01-18,0.3354379891501961,0.11931898715547501
139171,AAPL,2020-01-19,-0.4115415298051878,-0.746979518955384
139172,AAPL,2020-01-20,-0.3287522748678211,0.08278925493736672
139173,AAPL,2020-01-21,-0.6622702521111937,-0.3335179772433726
139174,AAPL,2020-01-22,0.2068505768238902,0.8691208289350839
139175,AAPL,2020-01-23,-0.07596800939869731,-0.2828185862225875
139176,AAPL,2020-01-24,-0.422937672599669,-0.3469696632009717
139177,AAPL,2020-01-25,-0.3776771177254763,0.04526055487419273
139178,AAPL,2020-01-26,-0.4241249930565436,-0.04644787533106731
139179,AAPL,2020-01-27,-0.8350903342670837,-0.41096534121054007
139180,AAPL,2020-01-28,-0.36788854381230296,0.4672017904547807
139181,AAPL,2020-01-29,-0.7251874882708791,-0.35729894445857613
139182,AAPL,2020-01-30,-0.6177969098880054,0.10739057838287369
139183,AAPL,2020-01-31,-0.5362903403143411,0.08150656957366431
139184,AAPL,2020-02-01,-3.983318194397624,-3.4470278540832826
139185,AAPL,2020-02-02,-4.200214792520952,-0.21689659812332795
139186,AAPL,2020-02-03,-1.0265496680295614,3.1736651244913903
139187,AAPL,2020-02-04,-0.3198488050782409,0.7067008629513205
139188,AAPL,2020-02-05,-0.5484855474513294,-0.22863674237308845
139189,AAPL,2020-02-06,0.16468925276435678,0.7131748002156861
139190,AAPL,2020-02-07,-0.5947263562948458,-0.7594156090592026
139191,AAPL,2020-02-08,-4.2506418937551285,-3.6559155374602827
139192,AAPL,2020-02-09,-3.504101706193149,0.7465401875619793
139193,AAPL,2020-02-10,-1.7792571346167851,1.724844571576364
139194,AAPL,2020-02-11,-0.09637222666639138,1.6828849079503938
139195,AAPL,2020-02-12,-0.283704161809768,-0.1873319351433766
139196,AAPL,2020-02-13,-0.3634880279254087,-0.0797838661156407
139197,AAPL,2020-02-14,-0.5242953834016224,-0.16080735547621372
139198,AAPL,2020-02-15,-1.0048983316621172,-0.48060294826049477
139199,AAPL,2020-02-16,-1.4757593794091906,-0.4708610477470734
139200,AAPL,2020-02-17,-1.5937701235315869,-0.11801074412239632
139201,AAPL,2020-02-18,-2.941789888226736,-1.3480197646951493
139202,AAPL,2020-02-19,-2.2380892564478425,0.7037006317788936
139203,AAPL,2020-02-20,-1.6466114525272981,0.5914778039205444
139204,AAPL,2020-02-21,-0.26798528452429665,1.3786261680030014
139205,AAPL,2020-02-22,-0.6809801135971706,-0.41299482907287394
139206,AAPL,2020-02-23,-0.050545083253896346,0.6304350303432742
139207,AAPL,2020-02-24,-1.6135605903961685,-1.5630155071422722
139208,AAPL,2020-02-25,-2.496155311110244,-0.8825947207140756
139209,AAPL,2020-02-26,-1.5425363475322953,0.9536189635779488
139210,AAPL,2020-02-27,-1.0652862342238936,0.4772501133084017
139211,AAPL,2020-02-28,-1.843418187022668,-0.7781319527987745
139212,AAPL,2020-02-29,-1.1233957313571323,0.7200224556655357
139213,AAPL,2020-03-01,-2.9169045059081737,-1.7935087745510414
139214,AAPL,2020-03-02,-1.5898554865168515,1.3270490193913222
139215,AAPL,2020-03-03,-1.1044095468394168,0.48544593967743466
139216,AAPL,2020-03-04,-0.6042034719912097,0.5002060748482071
139217,AAPL,2020-03-05,-1.610769964170579,-1.0065664921793693
139218,AAPL,2020-03-06,-1.2853549935819495,0.32541497058862956
139219,AAPL,2020-03-07,-2.9551062804481005,-1.669751286866151
139220,AAPL,2020-03-08,-2.3540488078675144,0.6010574725805862
139221,AAPL,2020-03-09,-4.481881209257993,-2.1278324013904784
139222,AAPL,2020-03-10,-2.0783248920067554,2.4035563172512373
139223,AAPL,2020-03-11,-1.0482213373970928,1.0301035546096626
139224,AAPL,2020-03-12,-0.7910739361176107,0.2571474012794821
139225,AAPL,2020-03-13,-1.6690484908109018,-0.8779745546932911
139226,AAPL,2020-03-14,-2.398142833636792,-0.7290943428258903
139227,AAPL,2020-03-15,-2.9001779017454377,-0.5020350681086456
139228,AAPL,2020-03-16,-2.9993129220497217,-0.099135020304284
139229,AAPL,2020-03-17,-1.4569920356584325,1.5423208863912892
139230,AAPL,2020-03-18,-2.3250543183269614,-0.8680622826685289
139231,AAPL,2020-03-19,-0.5734849186370821,1.7515693996898793
139232,AAPL,2020-03-20,-2.182410274432472,-1.6089253557953898
139233,AAPL,2020-03-21,-1.6554731988687708,0.5269370755637011
139234,AAPL,2020-03-22,-0.5433120771637999,1.112161121704971
139235,AAPL,2020-03-23,-0.7096968445839967,-0.1663847674201968
139236,AAPL,2020-03-24,-0.5854471223120026,0.12424972227199416
139237,AAPL,2020-03-25,-0.7256896066341828,-0.14024248432218023
139238,AAPL,2020-03-26,-0.9804156390165096,-0.25472603238232683
139239,AAPL,2020-03-27,-0.3436338448000153,0.6367817942164944
139240,AAPL,2020-03-28,-1.5363002994265706,-1.1926664546265553
139241,AAPL,2020-03-29,-1.09457182454345,0.4417284748831207
139242,AAPL,2020-03-30,-0.4775023207344163,0.6170695038090337
139243,AAPL,2020-03-31,-0.24750812929307445,0.22999419144134184
139244,AAPL,2020-04-01,-0.6772616923145706,-0.42975356302149614
139245,AAPL,2020-04-02,-0.337745903014536,0.33951578930003457
139246,AAPL,2020-04-03,-1.0087086891261106,-0.6709627861115746
139247,AAPL,2020-04-04,-0.30914306054381896,0.6995656285822915
139248,AAPL,2020-04-05,-0.8806185738600041,-0.5714755133161851
139249,AAPL,2020-04-06,-0.9047772788496662,-0.024158704989662105
139250,AAPL,2020-04-07,-0.2085726218659133,0.6962046569837529
139251,AAPL,2020-04-08,-0.8624748563471469,-0.6539022344812336
139252,AAPL,2020-04-09,-0.1114236027132903,0.7510512536338566
139253,AAPL,2020-04-10,0.014712767751638772,0.12613637046492907
139254,AAPL,2020-04-11,-0.8843907347403149,-0.8991035024919537
139255,AAPL,2020-04-12,-1.0012996521729256,-0.11690891743261067
139256,AAPL,2020-04-13,0.03028994474216402,1.0315895969150897
139257,AAPL,2020-04-14,-0.5247243525596121,-0.5550142973017762
139258,AAPL,2020-04-15,-0.3893389206395346,0.13538543192007751
139259,AAPL,2020-04-16,-0.6136264606591926,-0.22428754001965795
139260,AAPL,2020-04-17,-0.4440300434061112,0.1695964172530814
139261,AAPL,2020-04-18,-0.9234053378362024,-0.4793752944300912
139262,AAPL,2020-04-19,-0.9898923694459194,-0.06648703160971703
139263,AAPL,2020-04-20,0.2620550295125572,1.2519473989584766
139264,AAPL,2020-04-21,-0.003955798662010189,-0.2660108281745674
139265,AAPL,2020-04-22,-1.6097674905882209,-1.6058116919262106
430558,CVS,2019-12-10,3.6697247706422,3.315114841564186
430565,CVS,2019-12-17,0.9027746947627296,-4.666232569159789
430566,CVS,2019-12-18,2.60047281323877,1.6976981184760405
430567,CVS,2019-12-19,-2.05607476635514,-4.65654757959391
430582,CVS,2020-01-03,4.06098946850239,-0.5473849157340558
430594,CVS,2020-01-15,5.6587010785769465,3.3586295231226755
430597,CVS,2020-01-18,2.24438902743142,-5.318636182652611
430601,CVS,2020-01-22,3.11750599520384,-1.857992081941847
430602,CVS,2020-01-23,5.08637236084453,1.96886636564069
430614,CVS,2020-02-04,3.2028600914049847,-5.51454930208614
430622,CVS,2020-02-12,4.033442894261879,2.005655852880894
430623,CVS,2020-02-13,4.079460457604228,0.04601756334234963
430624,CVS,2020-02-14,4.36507936507936,0.28561890747513186
430649,CVS,2020-03-10,1.24113475177305,0.07154410849819981
430650,CVS,2020-03-11,5.957337272808665,4.7162025210356155
430651,CVS,2020-03-12,1.780590284894445,-4.17674698791422
430656,CVS,2020-03-17,5.00782472613458,5.363696612255577
430663,CVS,2020-03-24,1.244480014150933,0.11095040099238984
430664,CVS,2020-03-25,0.1890359168241965,-1.0554440973267365
430665,CVS,2020-03-26,0.919661349514914,0.7306254326907174
430677,CVS,2020-04-07,2.1762785636561497,1.0284408926230442
430688,CVS,2020-04-18,0.0,-1.920931004617308
430689,CVS,2020-04-19,7.53532182103611,7.53532182103611
430690,CVS,2020-04-20,2.23713646532438,-5.29818535571173
430691,CVS,2020-04-21,2.0091766823227797,-0.22795978300160025
430692,CVS,2020-04-22,2.419741025935715,0.41056434361293537
520823,ECL,2019-12-10,0.5411777902516237,-0.8515900090009523
520824,ECL,2019-12-11,0.916730328495034,0.3755525382434103
520825,ECL,2019-12-12,2.7510364798602622,1.8343061513652281
520826,ECL,2019-12-13,0.520381613183001,-2.230654866677261
520829,ECL,2019-12-16,3.424497847919657,2.534125004291388
520832,ECL,2019-12-19,1.0469223287896994,-0.8862155348414356
520833,ECL,2019-12-20,1.9694817890654928,0.9225594602757934
520834,ECL,2019-12-21,-3.03289192652713,-5.002373715592623
520835,ECL,2019-12-22,-0.857632933104631,2.175258993422499
520836,ECL,2019-12-23,-0.6811989100817428,0.17643402302288813
520837,ECL,2019-12-24,-3.21576763485477,-2.5345687247730275
520838,ECL,2019-12-25,1.84645286686103,5.0622205017158
520842,ECL,2019-12-29,1.5460658658543602,1.4295157493042443
520843,ECL,2019-12-30,4.28015564202335,2.7340897761689895
520846,ECL,2020-01-02,3.56394129979036,7.118086532108924
520847,ECL,2020-01-03,-7.41573033707865,-10.97967163686901
520848,ECL,2020-01-04,-1.75469691598724,5.66103342109141
520849,ECL,2020-01-05,-8.312991565123474,-6.558294649136234
520850,ECL,2020-01-06,-8.09523809523809,0.21775346988538402
520851,ECL,2020-01-07,0.8827761197689442,8.978014215007034
520852,ECL,2020-01-08,-7.05645161290323,-7.939227732672174
520853,ECL,2020-01-09,1.862003512626096,8.918455125529327
520854,ECL,2020-01-10,1.780436790488914,-0.08156672213718208
520858,ECL,2020-01-14,-0.07621902255744432,2.2694599897882357
520859,ECL,2020-01-15,2.29885057471264,2.3750695972700844
520860,ECL,2020-01-16,2.02643171806167,-0.27241885665096977
520861,ECL,2020-01-17,1.2568543585887058,-0.7695773594729645
520862,ECL,2020-01-18,-0.740710468030134,-1.9975648266188397
520865,ECL,2020-01-21,2.4393147263556907,2.1274644145053787
520868,ECL,2020-01-24,2.35294117647059,-1.0876809378157586
520872,ECL,2020-01-28,5.5137844611528815,1.3733801943740032
520873,ECL,2020-01-29,4.199229499174463,-1.314554961978418
520874,ECL,2020-01-30,1.5761909228123752,-2.623038576362088
520875,ECL,2020-01-31,3.5971223021582697,2.0209313793458943
520876,ECL,2020-02-01,-0.4244392958202085,-4.0215615979784785
520879,ECL,2020-02-04,-0.5525947139253601,-1.7122604264841166
520880,ECL,2020-02-05,2.03875440566212,2.59134911958748
520881,ECL,2020-02-06,0.23590558884676505,-1.802848816815355
520886,ECL,2020-02-11,0.2616745806716085,2.7380896750112287
520887,ECL,2020-02-12,0.9246544361651972,0.6629798554935886
520888,ECL,2020-02-13,3.373052897217855,2.448398461052658
520889,ECL,2020-02-14,2.28395061728395,-1.089102279933905
520892,ECL,2020-02-17,2.2156045334471157,3.1061897751773957
520893,ECL,2020-02-18,2.166342653531254,-0.049261879915861506
520894,ECL,2020-02-19,-0.8050884565780416,-2.971431110109296
520895,ECL,2020-02-20,1.0864490510119194,1.891537507589961
520896,ECL,2020-02-21,2.2885677852734503,1.202118734261531
520902,ECL,2020-02-27,2.2610705558799,4.939739892478546
520903,ECL,2020-02-28,1.7809681195345348,-0.4801024363453652
520904,ECL,2020-02-29,-0.516431924882629,-2.297400044417164
520907,ECL,2020-03-03,-0.11815544293112545,0.7192686408146926
520908,ECL,2020-03-04,-0.2053598710459056,-0.08720442811478016
520909,ECL,2020-03-05,1.5568872218577938,1.7622470929036995
520910,ECL,2020-03-06,-0.8349886170871481,-2.3918758389449417
520913,ECL,2020-03-09,0.773993808049535,0.09093369875991786
520916,ECL,2020-03-12,6.2874251497006,3.7927079432879744
520917,ECL,2020-03-13,-1.468732239794615,-7.756157389495215
520924,ECL,2020-03-20,-2.0349396116267258,-2.3990082744198893
520925,ECL,2020-03-21,-2.02991452991453,0.005025081712195956
520926,ECL,2020-03-22,-1.47965474722565,0.5502597826888798
520927,ECL,2020-03-23,1.09403490492316,2.57368965214881
520928,ECL,2020-03-24,0.12350115986539001,-0.9705337450577699
520929,ECL,2020-03-25,-0.415516191608966,-0.539017351474356
520934,ECL,2020-03-30,2.6428234890992424,1.0964317365219223
520935,ECL,2020-03-31,3.14878995230901,0.5059664632097678
520936,ECL,2020-04-01,1.4012590407188563,-1.7475309115901538
520937,ECL,2020-04-02,1.5503875968992298,0.14912855618037346
520944,ECL,2020-04-09,1.4035087719298205,1.7577000352119927
520947,ECL,2020-04-12,1.811383597097884,5.936132088043554
520948,ECL,2020-04-13,-3.81033022861981,-5.621713825717694
520949,ECL,2020-04-14,-3.2826148210763604,0.5277154075434498
520950,ECL,2020-04-15,3.0358873866215665,6.318502207697927
520951,ECL,2020-04-16,-1.0336901642451293,-4.069577550866696
520952,ECL,2020-04-17,-0.31338915940184936,0.7203010048432799
520956,ECL,2020-04-21,2.3100692260042504,3.312030010317976
520957,ECL,2020-04-22,1.3935553437202095,-0.9165138822840408
580137,XOM,2019-12-07,-0.9009337262842764,-1.8256365003925983
580138,XOM,2019-12-08,-1.149691451362925,-0.24875772507864868
580139,XOM,2019-12-09,-0.1320873641698294,1.0176040871930956
580140,XOM,2019-12-10,-3.2791518509657767,-3.1470644867959474
580141,XOM,2019-12-11,-0.9803554391028948,2.298796411862882
580142,XOM,2019-12-12,-0.2069861507237184,0.7733692883791764
580143,XOM,2019-12-13,-0.7471410480949472,-0.5401548973712288
580144,XOM,2019-12-14,-1.4644395252669202,-0.717298477171973
580145,XOM,2019-12-15,-1.1245119978924851,0.3399275273744351
580146,XOM,2019-12-16,-0.0157386483488727,1.1087733495436125
580147,XOM,2019-12-17,-1.488340461935965,-1.4726018135870924
580148,XOM,2019-12-18,-1.6796844207948498,-0.19134395885888478
580149,XOM,2019-12-19,-1.0731709087749068,0.606513512019943
580150,XOM,2019-12-20,-1.0318342475887372,0.04133666118616963
580151,XOM,2019-12-21,-0.27949379901318155,0.7523404485755556
580152,XOM,2019-12-22,-0.468026789339574,-0.18853299032639242
580153,XOM,2019-12-23,-0.3039579055464848,0.1640688837930892
580154,XOM,2019-12-24,-0.6936723222736474,-0.3897144167271626
580155,XOM,2019-12-25,-1.8873446505693163,-1.193672328295669
580156,XOM,2019-12-26,-0.6255133646930324,1.261831285876284
580157,XOM,2019-12-27,-0.5411786629467769,0.08433470174625557
580158,XOM,2019-12-28,-2.058236525649757,-1.51705786270298
580159,XOM,2019-12-29,-1.5994182284857932,0.45881829716396383
580160,XOM,2019-12-30,-0.35338151226925496,1.2460367162165382
580161,XOM,2019-12-31,-0.9147838730920697,-0.5614023608228147
580162,XOM,2020-01-01,-1.2305113642512306,-0.315727491159161
580163,XOM,2020-01-02,-0.7083402043238701,0.5221711599273605
580164,XOM,2020-01-03,-1.1875555050364952,-0.4792153007126251
580165,XOM,2020-01-04,-2.3277206456816786,-1.1401651406451834
580166,XOM,2020-01-05,-2.8096022905508344,-0.48188164486915586
580167,XOM,2020-01-06,-0.3818902583662349,2.4277120321845995
580168,XOM,2020-01-07,-1.6158123425682662,-1.2339220842020313
580169,XOM,2020-01-08,-1.2954813818463968,0.3203309607218694
580170,XOM,2020-01-09,-0.4914766311110181,0.8040047507353787
580171,XOM,2020-01-10,-0.8038613920979487,-0.31238476098693063
580172,XOM,2020-01-11,-2.02139121885173,-1.2175298267537813
580173,XOM,2020-01-12,-0.8247956208322444,1.1965955980194856
580174,XOM,2020-01-13,0.10981488314754496,0.9346105039797894
580175,XOM,2020-01-14,-0.586493718206378,-0.6963086013539229
580176,XOM,2020-01-15,-1.3364326436770633,-0.7499389254706853
580177,XOM,2020-01-16,-1.0084852529621675,0.32794739071489576
580178,XOM,2020-01-17,-0.6475760293655923,0.3609092235965752
580179,XOM,2020-01-18,-1.1467743873440797,-0.49919835797848733
580180,XOM,2020-01-19,-0.9026919236058152,0.24408246373826448
580181,XOM,2020-01-20,-0.6441147460209158,0.2585771775848994
580182,XOM,2020-01-21,-0.7468397451484147,-0.10272499912749888
580183,XOM,2020-01-22,-0.6223369784940661,0.12450276665434856
580184,XOM,2020-01-23,-1.3463477169109968,-0.7240107384169306
580185,XOM,2020-01-24,-1.2293918571306548,0.11695585978034195
580186,XOM,2020-01-25,-0.8211123365315419,0.4082795205991129
580187,XOM,2020-01-26,-1.9503436577457576,-1.1292313212142155
580188,XOM,2020-01-27,-0.9369605599135024,1.0133830978322553
580189,XOM,2020-01-28,-1.0347857457868834,-0.09782518587338107
580190,XOM,2020-01-29,-1.1254607415032112,-0.09067499571632776
580191,XOM,2020-01-30,-1.7027058422614485,-0.5772451007582373
580192,XOM,2020-01-31,-0.6727570031368489,1.0299488391245997
580193,XOM,2020-02-01,-1.8099896779453823,-1.1372326748085335
580194,XOM,2020-02-02,-1.4256157571778147,0.3843739207675676
580195,XOM,2020-02-03,-1.4761337636459482,-0.050518006468133425
580196,XOM,2020-02-04,-1.2203925075949724,0.25574125605097575
580197,XOM,2020-02-05,-1.055915732610894,0.1644767749840783
580198,XOM,2020-02-06,-1.1746567538494788,-0.11874102123858465
580199,XOM,2020-02-07,-2.168321556873032,-0.9936648030235531
580200,XOM,2020-02-08,-2.2083783192351403,-0.04005676236210842
580201,XOM,2020-02-09,-1.4229457103046983,0.785432608930442
580202,XOM,2020-02-10,-0.4959713890561919,0.9269743212485064
580203,XOM,2020-02-11,-1.0929960178121705,-0.5970246287559786
580204,XOM,2020-02-12,-1.1924202935767887,-0.09942427576461821
580205,XOM,2020-02-13,-0.9370538506078002,0.25536644296898847
580206,XOM,2020-02-14,-0.6249907311424105,0.31206311946538967
580207,XOM,2020-02-15,-2.479448570002944,-1.8544578388605335
580208,XOM,2020-02-16,-0.4837224513248018,1.9957261186781423
580209,XOM,2020-02-17,-1.12544166869346,-0.6417192173686583
580210,XOM,2020-02-18,-0.34253246741650417,0.7829092012769558
580211,XOM,2020-02-19,-1.0072576419791683,-0.6647251745626641
580212,XOM,2020-02-20,-1.237948831381268,-0.23069118940209976
580213,XOM,2020-02-21,-1.1847685218634614,0.05318030951780672
580214,XOM,2020-02-22,-1.1797333996639234,0.005035122199537945
580215,XOM,2020-02-23,-1.1194221595725071,0.06031124009141631
580216,XOM,2020-02-24,-0.8213306854848691,0.29809147408763803
580217,XOM,2020-02-25,-1.2315891874347549,-0.4102585019498858
580218,XOM,2020-02-26,-1.8415365806352504,-0.6099473932004955
580219,XOM,2020-02-27,-0.9834780073691658,0.8580585732660846
580220,XOM,2020-02-28,-0.9545305600905144,0.028947447278651395
580221,XOM,2020-02-29,-2.870936103793167,-1.9164055437026524
580222,XOM,2020-03-01,-2.20808207867556,0.6628540251176069
580223,XOM,2020-03-02,-1.6149842467974358,0.5930978318781241
580224,XOM,2020-03-03,-0.7815870201635795,0.8333972266338563
580225,XOM,2020-03-04,-0.10922448132226506,0.6723625388413145
580226,XOM,2020-03-05,-1.1206378982774028,-1.0114134169551376
580227,XOM,2020-03-06,-2.195218268520102,-1.074580370242699
580228,XOM,2020-03-07,-2.75196861015432,-0.5567503416342183
580229,XOM,2020-03-08,-2.394468742467028,0.35749986768729203
580230,XOM,2020-03-09,-4.03719798139162,-1.6427292389245922
580231,XOM,2020-03-10,-3.5544595401612136,0.48273844123040677
580232,XOM,2020-03-11,-1.968916040250388,1.5855434999108255
580233,XOM,2020-03-12,-2.5013634400743023,-0.5324473998239143
580234,XOM,2020-03-13,-2.6430217487777017,-0.14165830870339935
580235,XOM,2020-03-14,-3.669809612108819,-1.0267878633311174
580236,XOM,2020-03-15,-1.6987480490716762,1.9710615630371429
580237,XOM,2020-03-16,-2.020068521416176,-0.3213204723445
580238,XOM,2020-03-17,-2.0287010559469736,-0.008632534530797376
580239,XOM,2020-03-18,-2.38326478242714,-0.35456372648016643
580240,XOM,2020-03-19,-1.7593608028105034,0.6239039796166366
580241,XOM,2020-03-20,-1.8052947160669608,-0.04593391325645735
580242,XOM,2020-03-21,-3.0233926891030745,-1.2180979730361137
580243,XOM,2020-03-22,-2.591186722970161,0.4322059661329134
580244,XOM,2020-03-23,-2.325709727196428,0.26547699577373285
580245,XOM,2020-03-24,-2.2944725386079323,0.03123718858849589
580246,XOM,2020-03-25,-3.5696746865323714,-1.275202147924439
580247,XOM,2020-03-26,-3.2586394442377538,0.31103524229461765
580248,XOM,2020-03-27,-2.5457356469427053,0.7129037972950485
580249,XOM,2020-03-28,-2.7105899850172914,-0.16485433807458616
580250,XOM,2020-03-29,-1.7518357238156803,0.9587542612016111
580251,XOM,2020-03-30,-2.3790825026224227,-0.6272467788067424
580252,XOM,2020-03-31,-1.621010399114183,0.7580721035082396
580253,XOM,2020-04-01,-2.2820886240924385,-0.6610782249782554
580254,XOM,2020-04-02,-2.162935513637501,0.11915311045493748
580255,XOM,2020-04-03,-1.8725404947491961,0.2903950188883049
580256,XOM,2020-04-04,-1.397094262391671,0.47544623235752526
580257,XOM,2020-04-05,-2.01569118393253,-0.6185969215408591
580258,XOM,2020-04-06,-1.9917735876923848,0.023917596240145222
580259,XOM,2020-04-07,-2.6785666417320124,-0.6867930540396276
580260,XOM,2020-04-08,-2.1118717121479142,0.5666949295840982
580261,XOM,2020-04-09,-2.503347596067852,-0.39147588391993793
580262,XOM,2020-04-10,-1.9119300469477505,0.5914175491201017
580263,XOM,2020-04-11,-1.924830403682229,-0.012900356734478535
580264,XOM,2020-04-12,-1.6348797238798098,0.2899506798024192
580265,XOM,2020-04-13,-2.4884972417316886,-0.8536175178518788
580266,XOM,2020-04-14,-2.2802126272740644,0.20828461445762425
580267,XOM,2020-04-15,-2.1250194922905368,0.1551931349835276
580268,XOM,2020-04-16,-1.8718459149004576,0.2531735773900792
580269,XOM,2020-04-17,-2.4027063135450564,-0.5308603986445988
580270,XOM,2020-04-18,-2.8071904921190813,-0.40448417857402497
580271,XOM,2020-04-19,-4.039435540845263,-1.2322450487261816
580272,XOM,2020-04-20,-2.9149439523691987,1.1244915884760642
580273,XOM,2020-04-21,-2.853358586264899,0.061585366104299766
580274,XOM,2020-04-22,-1.6201444218098686,1.2332141644550303
582716,FB,2019-12-07,0.0012020894896467664,1.6213465112995153
582717,FB,2019-12-08,0.06997109491637846,0.06876900542673169
582718,FB,2019-12-09,0.4811476575823668,0.41117656266598834
582719,FB,2019-12-10,0.28500384420312896,-0.1961438133792378
582720,FB,2019-12-11,0.1434779097850053,-0.14152593441812367
582721,FB,2019-12-12,0.2066712340237132,0.06319332423870791
582722,FB,2019-12-13,0.1574664807271646,-0.04920475329654861
582723,FB,2019-12-14,0.0728921816858605,-0.0845742990413041
582724,FB,2019-12-15,0.06992186390591176,-0.0029703177799487307
582725,FB,2019-12-16,0.2176046217131717,0.14768275780725992
582726,FB,2019-12-17,0.19036558663891,-0.027239035074261675
582727,FB,2019-12-18,0.1108188952344026,-0.07954669140450742
582728,FB,2019-12-19,0.13709994158027813,0.02628104634587554
582729,FB,2019-12-20,0.2425733934973489,0.10547345191707078
582730,FB,2019-12-21,-0.15578908888591106,-0.39836248238326
582731,FB,2019-12-22,0.16151174777543895,0.31730083666135
582732,FB,2019-12-23,0.5097761067158354,0.3482643589403964
582733,FB,2019-12-24,0.4076064374304619,-0.10216966928537352
582734,FB,2019-12-25,0.555217641442424,0.14761120401196215
582735,FB,2019-12-26,0.4377029653079119,-0.11751467613451211
582736,FB,2019-12-27,-0.09508737650678224,-0.5327903418146942
582737,FB,2019-12-28,-0.14704526520691955,-0.0519578887001373
582738,FB,2019-12-29,-0.3817282368685164,-0.23468297166159688
582739,FB,2019-12-30,0.02681337523101101,0.40854161209952744
582740,FB,2019-12-31,-0.03764766967562097,-0.06446104490663199
582741,FB,2020-01-01,0.25555998840004523,0.2932076580756662
582742,FB,2020-01-02,0.17801053031129052,-0.07754945808875471
582743,FB,2020-01-03,0.117786146867652,-0.06022438344363852
582744,FB,2020-01-04,-0.27981524423569754,-0.3976013911033495
582745,FB,2020-01-05,-0.34751667223833543,-0.0677014280026379
582746,FB,2020-01-06,0.3301601178670901,0.6776767901054255
582747,FB,2020-01-07,0.03467157947148375,-0.29548853839560635
582748,FB,2020-01-08,-0.2481371893332665,-0.28280876880475025
582749,FB,2020-01-09,-0.3233845865768772,-0.07524739724361068
582750,FB,2020-01-10,-0.03615082560732268,0.2872337609695545
582751,FB,2020-01-11,-0.5524880723912434,-0.5163372467839208
582752,FB,2020-01-12,-0.3848191325841399,0.1676689398071035
582753,FB,2020-01-13,0.2172278006709505,0.6020469332550904
582754,FB,2020-01-14,0.15253076961268772,-0.06469703105826277
582755,FB,2020-01-15,0.14308880596909734,-0.009441963643590373
582756,FB,2020-01-16,0.3343405402395851,0.19125173427048775
582757,FB,2020-01-17,0.013247555369263624,-0.32109298487032145
582758,FB,2020-01-18,0.0560741623335952,0.042826606964331576
582759,FB,2020-01-19,-0.04703868787149686,-0.10311285020509206
582760,FB,2020-01-20,0.2381872159306405,0.28522590380213736
582761,FB,2020-01-21,0.29444784679658337,0.05626063086594288
582762,FB,2020-01-22,0.19599794431807926,-0.0984499024785041
582763,FB,2020-01-23,0.22144437270623185,0.025446428388152587
582764,FB,2020-01-24,0.09492723618694114,-0.1265171365192907
582765,FB,2020-01-25,0.25136549982514345,0.1564382636382023
582766,FB,2020-01-26,0.020146235028076658,-0.23121926479706678
582767,FB,2020-01-27,0.16630551321789133,0.14615927818981467
582768,FB,2020-01-28,-0.045766352075043926,-0.21207186529293526
582769,FB,2020-01-29,0.02158378070017952,0.06735013277522345
582770,FB,2020-01-30,0.07034223153630273,0.04875845083612321
582771,FB,2020-01-31,-0.1819764902554221,-0.2523187217917248
582772,FB,2020-02-01,-0.2553925991048968,-0.07341610884947472
582773,FB,2020-02-02,-0.11580501935738595,0.13958757974751085
582774,FB,2020-02-03,0.2945376934524812,0.41034271280986717
582775,FB,2020-02-04,0.11461509331458612,-0.17992260013789507
582776,FB,2020-02-05,0.133402520891552,0.018787427576965873
582777,FB,2020-02-06,0.2142252661893249,0.08082274529777289
582778,FB,2020-02-07,0.19890433962518986,-0.015320926564135029
582779,FB,2020-02-08,-0.62276929623717,-0.8216736358623599
582780,FB,2020-02-09,-1.1239361877734309,-0.5011668915362608
582781,FB,2020-02-10,0.09245729882259404,1.2163934865960249
582782,FB,2020-02-11,0.2316903979160478,0.13923309909345377
582783,FB,2020-02-12,0.08914145317708116,-0.14254894473896665
582784,FB,2020-02-13,-0.06728118719799696,-0.15642264037507814
582785,FB,2020-02-14,0.25922840028545496,0.32650958748345194
582786,FB,2020-02-15,-0.01658942618259119,-0.27581782646804615
582787,FB,2020-02-16,-0.2764721211777398,-0.2598826949951486
582788,FB,2020-02-17,-0.1813172441530499,0.09515487702468989
582789,FB,2020-02-18,0.01818102467623806,0.19949826882928795
582790,FB,2020-02-19,0.05474871495795042,0.03656769028171236
582791,FB,2020-02-20,-0.14453074775237262,-0.19927946271032304
582792,FB,2020-02-21,0.023995815929461255,0.16852656368183389
582793,FB,2020-02-22,-0.11278615716383465,-0.1367819730932959
582794,FB,2020-02-23,0.09361816796975277,0.20640432513358742
582795,FB,2020-02-24,0.3737441146790977,0.28012594670934493
582796,FB,2020-02-25,0.3834803664963242,0.009736251817226538
582797,FB,2020-02-26,0.2190037910131137,-0.1644765754832105
582798,FB,2020-02-27,0.19054899584869,-0.028454795164423702
582799,FB,2020-02-28,-0.03663353738813597,-0.22718253323682597
582800,FB,2020-02-29,-0.05968398300628025,-0.02305044561814428
582801,FB,2020-03-01,0.08008797833302758,0.13977196133930783
582802,FB,2020-03-02,0.24504339769663205,0.16495541936360447
582803,FB,2020-03-03,-0.05433838037229194,-0.29938177806892396
582804,FB,2020-03-04,-0.0924469772664873,-0.038108596894195365
582805,FB,2020-03-05,-0.2817755054621177,-0.1893285281956304
582806,FB,2020-03-06,-0.34019226044972906,-0.05841675498761134
582807,FB,2020-03-07,-0.3444387834848717,-0.004246523035142669
582808,FB,2020-03-08,0.10820561672367936,0.45264440020855107
582809,FB,2020-03-09,0.08437347511752166,-0.023832141606157695
582810,FB,2020-03-10,0.021108029294927774,-0.06326544582259389
582811,FB,2020-03-11,-0.05615190790712097,-0.07725993720204874
582812,FB,2020-03-12,-0.3635497714053756,-0.3073978634982546
582813,FB,2020-03-13,-0.4294654603678897,-0.0659156889625141
582814,FB,2020-03-14,-0.4593754189533871,-0.029909958585497443
582815,FB,2020-03-15,-0.2746417700567793,0.18473364889660782
582816,FB,2020-03-16,-0.4222050749456286,-0.14756330488884928
582817,FB,2020-03-17,-0.2782987894906627,0.14390628545496587
582818,FB,2020-03-18,-0.3587707594600301,-0.0804719699693674
582819,FB,2020-03-19,-0.2582432033632548,0.10052755609677533
582820,FB,2020-03-20,-0.2275689121820608,0.030674291181193997
582821,FB,2020-03-21,-0.18559397368138408,0.04197493850067671
582822,FB,2020-03-22,-0.43271775471537066,-0.24712378103398658
582823,FB,2020-03-23,-0.1770803234351477,0.255637431280223
582824,FB,2020-03-24,-0.16423433705230914,0.01284598638283857
582825,FB,2020-03-25,-0.13137889127080096,0.032855445781508175
582826,FB,2020-03-26,-0.18809742835873905,-0.05671853708793809
582827,FB,2020-03-27,-0.09093028670483147,0.09716714165390758
582828,FB,2020-03-28,-0.15036035292034516,-0.059430066215513694
582829,FB,2020-03-29,-0.3513091959368204,-0.20094884301647525
582830,FB,2020-03-30,0.002770539463482121,0.3540797354003025
582831,FB,2020-03-31,0.011882546108728978,0.009112006645246857
582832,FB,2020-04-01,0.07620973685940675,0.06432719075067778
582833,FB,2020-04-02,0.03932454651622887,-0.03688519034317789
582834,FB,2020-04-03,0.010626205689288518,-0.02869834082694035
582835,FB,2020-04-04,-0.09078142547516302,-0.10140763116445153
582836,FB,2020-04-05,-0.2303950892987824,-0.1396136638236194
582837,FB,2020-04-06,-0.07996423097059845,0.15043085832818398
582838,FB,2020-04-07,0.14845216555428947,0.22841639652488793
582839,FB,2020-04-08,0.012543298694553486,-0.135908866859736
582840,FB,2020-04-09,0.1587780104005755,0.146234711706022
582841,FB,2020-04-10,0.11734278400639273,-0.04143522639418276
582842,FB,2020-04-11,0.08233081652150309,-0.03501196748488963
582843,FB,2020-04-12,-0.04957451348389032,-0.1319053300053934
582844,FB,2020-04-13,0.049764692890866914,0.09933920637475724
582845,FB,2020-04-14,0.02774503722461939,-0.022019655666247525
582846,FB,2020-04-15,0.1867455735876332,0.1590005363630138
582847,FB,2020-04-16,0.005191663081668901,-0.18155391050596428
582848,FB,2020-04-17,-0.08281159791127994,-0.08800326099294885
582849,FB,2020-04-18,-0.13200612837999387,-0.04919453046871393
582850,FB,2020-04-19,-0.19571343323223286,-0.063707304852239
582851,FB,2020-04-20,-0.2377396586618273,-0.042026225429594444
582852,FB,2020-04-21,-0.11009279301401652,0.1276468656478108
582853,FB,2020-04-22,0.13914390513249358,0.24923669814651012
665244,GE,2019-12-07,-0.8856446539739012,-1.2093581320656392
665245,GE,2019-12-08,1.9518093858483665,2.837454039822268
665246,GE,2019-12-09,0.925535174407336,-1.0262742114410304
665247,GE,2019-12-10,1.150867312499967,0.22533213809263108
665248,GE,2019-12-11,1.016541416380862,-0.13432589611910517
665249,GE,2019-12-12,-0.17354625034371188,-1.190087666724574
665250,GE,2019-12-13,2.174850268306872,2.348396518650584
665251,GE,2019-12-14,1.0037366859056556,-1.1711135824012164
665252,GE,2019-12-15,2.1299910965002398,1.1262544105945842
665253,GE,2019-12-16,1.5176598153028658,-0.612331281197374
665254,GE,2019-12-17,0.5770456802381972,-0.9406141350646685
665255,GE,2019-12-18,0.43751717099533305,-0.1395285092428642
665256,GE,2019-12-19,0.6875917967973835,0.2500746258020504
665257,GE,2019-12-20,1.2623967495702937,0.5748049527729102
665258,GE,2019-12-21,0.3099284190243513,-0.9524683305459424
665259,GE,2019-12-22,0.5235746897572322,0.2136462707328809
665260,GE,2019-12-23,0.6454456742699656,0.12187098451273337
665261,GE,2019-12-24,0.56052663875,-0.0849190355199656
665262,GE,2019-12-25,-0.4468476187085199,-1.0073742574585198
665263,GE,2019-12-26,0.6502694497220394,1.0971170684305593
665264,GE,2019-12-27,1.1749896387505938,0.5247201890285544
665265,GE,2019-12-28,0.11920299142179308,-1.0557866473288007
665266,GE,2019-12-29,-0.932190616306046,-1.0513936077278392
665267,GE,2019-12-30,1.996958741137712,2.929149357443758
665268,GE,2019-12-31,0.7173792590855852,-1.279579482052127
665269,GE,2020-01-01,0.0069339379187307645,-0.7104453211668544
665270,GE,2020-01-02,1.6896380701365081,1.6827041322177774
665271,GE,2020-01-03,0.8746293278525201,-0.815008742283988
665272,GE,2020-01-04,0.8589135473561927,-0.01571578049632738
665273,GE,2020-01-05,-0.4796413963700918,-1.3385549437262845
665274,GE,2020-01-06,1.2184856632166643,1.6981270595867561
665275,GE,2020-01-07,0.7915496168576696,-0.42693604635899474
665276,GE,2020-01-08,1.1075765115985392,0.31602689474086965
665277,GE,2020-01-09,-0.062332207609423575,-1.1699087192079627
665278,GE,2020-01-10,0.8184355427371703,0.8807677503465939
665279,GE,2020-01-11,0.7541741891281101,-0.06426135360906027
665280,GE,2020-01-12,-2.305779250574857,-3.059953439702967
665281,GE,2020-01-13,1.5949275698902974,3.9007068204651545
665282,GE,2020-01-14,1.6386345945493883,0.04370702465909093
665283,GE,2020-01-15,1.0938785650418703,-0.544756029507518
665284,GE,2020-01-16,1.1589862206864618,0.06510765564459153
665285,GE,2020-01-17,1.2593627078685357,0.10037648718207381
665286,GE,2020-01-18,-0.5877407023203849,-1.8471034101889205
665287,GE,2020-01-19,0.2245089288090424,0.8122496311294273
665288,GE,2020-01-20,1.5377329124853762,1.3132239836763338
665289,GE,2020-01-21,1.4785549510201548,-0.059177961465221474
665290,GE,2020-01-22,1.7349147945732697,0.2563598435531149
665291,GE,2020-01-23,0.3359986664987356,-1.3989161280745341
665292,GE,2020-01-24,-0.4338141630091496,-0.7698128295078852
665293,GE,2020-01-25,0.18421329198431244,0.618027454993462
665294,GE,2020-01-26,1.5082672799267136,1.3240539879424011
665295,GE,2020-01-27,0.5930549307228219,-0.9152123492038917
665296,GE,2020-01-28,0.3608486410530849,-0.232206289669737
665297,GE,2020-01-29,1.0780613448139111,0.7172127037608262
665298,GE,2020-01-30,0.07001537076320759,-1.0080459740507035
665299,GE,2020-01-31,0.0958642151517265,0.025848844388518907
665300,GE,2020-02-01,1.3863476277244198,1.2904834125726934
665301,GE,2020-02-02,1.165768905787915,-0.22057872193650474
665302,GE,2020-02-03,0.3175647908082649,-0.8482041149796502
665303,GE,2020-02-04,1.099333926545894,0.7817691357376291
665304,GE,2020-02-05,0.8505879377650236,-0.2487459887808703
665305,GE,2020-02-06,1.2572996665093459,0.40671172874432227
665306,GE,2020-02-07,-0.2778332859850555,-1.5351329524944015
665307,GE,2020-02-08,0.7788879501173931,1.0567212361024487
665308,GE,2020-02-09,0.7903533325620073,0.011465382444614258
665309,GE,2020-02-10,1.7989413082324568,1.0085879756704494
665310,GE,2020-02-11,1.7202198651017642,-0.07872144313069263
665311,GE,2020-02-12,1.0383916476181798,-0.6818282174835844
665312,GE,2020-02-13,1.6096770759376269,0.5712854283194471
665313,GE,2020-02-14,1.705891454608095,0.09621437867046811
665314,GE,2020-02-15,0.8349941714085909,-0.8708972831995041
665315,GE,2020-02-16,1.4703964527908184,0.6354022813822275
665316,GE,2020-02-17,0.4304090081033252,-1.0399874446874933
665317,GE,2020-02-18,1.4142139695575042,0.9838049614541791
665318,GE,2020-02-19,1.2335473020075856,-0.18066666754991867
665319,GE,2020-02-20,0.4638792412131472,-0.7696680607944384
665320,GE,2020-02-21,0.7085733945195004,0.2446941533063532
665321,GE,2020-02-22,2.51530289133895,1.8067294968194494
665322,GE,2020-02-23,5.63380281690141,3.11849992556246
665323,GE,2020-02-24,2.6210897718335207,-3.012713045067889
665324,GE,2020-02-25,0.30636393296420456,-2.314725838869316
665325,GE,2020-02-26,0.9476925936098696,0.641328660645665
665326,GE,2020-02-27,1.4185866755504346,0.47089408194056503
665327,GE,2020-02-28,1.1141215471249792,-0.30446512842545537
665328,GE,2020-02-29,0.34311595056349703,-0.7710055965614822
665329,GE,2020-03-01,0.6096289580704136,0.2665130075069166
665330,GE,2020-03-02,0.6484361363630191,0.03880717829260549
665331,GE,2020-03-03,0.6157673320899549,-0.03266880427306418
665332,GE,2020-03-04,0.35912714478828645,-0.2566401873016685
665333,GE,2020-03-05,0.6468403227071715,0.28771317791888507
665334,GE,2020-03-06,0.4572144332390339,-0.18962588946813763
665335,GE,2020-03-07,-1.0781374547660534,-1.5353518880050872
665336,GE,2020-03-08,0.3671599050932064,1.4452973598592598
665337,GE,2020-03-09,1.2574705873869427,0.8903106822937363
665338,GE,2020-03-10,2.1163042256951545,0.8588336383082118
665339,GE,2020-03-11,0.4847411008743181,-1.6315631248208364
665340,GE,2020-03-12,-0.1881140367740001,-0.6728551376483182
665341,GE,2020-03-13,1.1668248218490946,1.3549388586230948
665342,GE,2020-03-14,0.1960572393082909,-0.9707675825408038
665343,GE,2020-03-15,0.27462711628085995,0.07856987697256906
665344,GE,2020-03-16,0.9663383592187212,0.6917112429378613
665345,GE,2020-03-17,1.2913947990219103,0.3250564398031891
665346,GE,2020-03-18,0.4076333072022961,-0.8837614918196142
665347,GE,2020-03-19,-0.419938690365146,-0.827571997567442
665348,GE,2020-03-20,0.5388161317657325,0.9587548221308785
665349,GE,2020-03-21,0.8337948182539814,0.2949786864882489
665350,GE,2020-03-22,0.5451747042128097,-0.2886201140411717
665351,GE,2020-03-23,-0.5676617076607389,-1.1128364118735485
665352,GE,2020-03-24,-0.11358941650459535,0.4540722911561435
665353,GE,2020-03-25,-0.1756953875905507,-0.06210597108595535
665354,GE,2020-03-26,-0.02866451631430829,0.14703087127624243
665355,GE,2020-03-27,-0.4799527648139346,-0.45128824849962634
665356,GE,2020-03-28,-1.6070775378853963,-1.1271247730714617
665357,GE,2020-03-29,-0.3716845059486818,1.2353930319367146
665358,GE,2020-03-30,-0.021635419244373327,0.35004908670430845
665359,GE,2020-03-31,0.037231712648657316,0.05886713189303064
665360,GE,2020-04-01,0.3838969647581765,0.34666525210951915
665361,GE,2020-04-02,-0.021995642123754024,-0.4058926068819305
665362,GE,2020-04-03,-0.5192550649232374,-0.4972594227994833
665363,GE,2020-04-04,0.8120774025015081,1.3313324674247453
665364,GE,2020-04-05,0.5530983036982368,-0.2589790988032713
665365,GE,2020-04-06,0.5179521324739282,-0.03514617122430852
665366,GE,2020-04-07,0.0777003257402125,-0.4402518067337157
665367,GE,2020-04-08,0.2248917991599163,0.1471914734197038
665368,GE,2020-04-09,0.3948362292867825,0.16994443012686622
665369,GE,2020-04-10,0.6483225139740855,0.25348628468730294
665370,GE,2020-04-11,1.059312024294567,0.4109895103204816
665371,GE,2020-04-12,1.0021999565546629,-0.05711206773990418
665372,GE,2020-04-13,0.36007312446634177,-0.6421268320883211
665373,GE,2020-04-14,0.9377788041611038,0.577705679694762
665374,GE,2020-04-15,0.499874449357565,-0.43790435480353884
665375,GE,2020-04-16,0.3347527400364119,-0.16512170932115305
665376,GE,2020-04-17,-0.07899806190473999,-0.4137508019411519
665377,GE,2020-04-18,0.041495103580515,0.12049316548525499
665378,GE,2020-04-19,0.9573319119352608,0.9158368083547458
665379,GE,2020-04-20,0.7644871143402621,-0.19284479759499873
665380,GE,2020-04-21,-0.8482271896839377,-1.6127143040241998
665381,GE,2020-04-22,0.2607655949449649,1.1089927846289025
683297,GS,2019-12-07,-0.5459708045364577,-1.2536198713391025
683298,GS,2019-12-08,-0.3273820276520032,0.21858877688445455
683299,GS,2019-12-09,-0.5245271708800981,-0.19714514322809495
683300,GS,2019-12-10,-0.029555165884769464,0.4949720049953287
683301,GS,2019-12-11,0.09630724259731016,0.12586240848207964
683302,GS,2019-12-12,-0.16027255350649994,-0.2565797961038101
683303,GS,2019-12-13,0.16144123482419226,0.3217137883306922
683304,GS,2019-12-14,0.07330283840148312,-0.08813839642270914
683305,GS,2019-12-15,0.19642365543982154,0.12312081703833842
683306,GS,2019-12-16,-0.4146706600493968,-0.6110943154892183
683307,GS,2019-12-17,-0.4264225631497816,-0.01175190310038482
683308,GS,2019-12-18,-0.033346784014228345,0.39307577913555325
683309,GS,2019-12-19,-1.3034955852319374,-1.2701488012177091
683310,GS,2019-12-20,-0.9761858439549412,0.3273097412769962
683311,GS,2019-12-21,-0.7183895171596677,0.25779632679527353
683312,GS,2019-12-22,-0.4094228758933156,0.3089666412663521
683313,GS,2019-12-23,-0.4043632800756289,0.005059595817686724
683314,GS,2019-12-24,-0.019366998310558263,0.3849962817650706
683315,GS,2019-12-25,0.2971263767030936,0.3164933750136519
683316,GS,2019-12-26,-0.470174715797485,-0.7673010925005785
683317,GS,2019-12-27,-0.07658297503237974,0.3935917407651053
683318,GS,2019-12-28,0.15912459260739206,0.2357075676397718
683319,GS,2019-12-29,-0.3738577904779405,-0.5329823830853325
683320,GS,2019-12-30,-0.13708357219732087,0.23677421828061962
683321,GS,2019-12-31,-0.956311920349798,-0.8192283481524771
683322,GS,2020-01-01,-1.7728185751674899,-0.8165066548176919
683323,GS,2020-01-02,-0.8680810618453606,0.9047375133221293
683324,GS,2020-01-03,-0.2794816791289677,0.5885993827163929
683325,GS,2020-01-04,-0.9090588947401128,-0.6295772156111451
683326,GS,2020-01-05,-1.2222851967470505,-0.3132263020069377
683327,GS,2020-01-06,-2.25615468967286,-1.0338694929258097
683328,GS,2020-01-07,-0.576410144453033,1.6797445452198272
683329,GS,2020-01-08,-1.575985477410052,-0.999575332957019
683330,GS,2020-01-09,-0.26305574243667,1.312929734973382
683331,GS,2020-01-10,-0.7564978353452675,-0.4934420929085975
683332,GS,2020-01-11,-0.869054311290933,-0.11255647594566554
683333,GS,2020-01-12,-0.4303935285367281,0.43866078275420495
683334,GS,2020-01-13,0.008005827413449547,0.43839935595017765
683335,GS,2020-01-14,0.2416287093000205,0.23362288188657096
683336,GS,2020-01-15,-0.10579173380967903,-0.34742044310969955
683337,GS,2020-01-16,-0.07300460546789397,0.03278712834178506
683338,GS,2020-01-17,0.14346658797267572,0.2164711934405697
683339,GS,2020-01-18,0.036813368907671166,-0.10665321906500455
683340,GS,2020-01-19,0.07832270435492264,0.04150933544725147
683341,GS,2020-01-20,0.6285306239161809,0.5502079195612583
683342,GS,2020-01-21,0.2613934573151856,-0.36713716660099527
683343,GS,2020-01-22,-1.0288903178850068,-1.2902837752001926
683344,GS,2020-01-23,-0.5902139931196942,0.4386763247653126
683345,GS,2020-01-24,-1.0074654356109949,-0.41725144249130064
683346,GS,2020-01-25,-0.8855242167650591,0.12194121884593578
683347,GS,2020-01-26,-0.4270625020618332,0.4584617147032259
683348,GS,2020-01-27,-0.9791611667916248,-0.5520986647297916
683349,GS,2020-01-28,-0.9109989158772976,0.06816225091432715
683350,GS,2020-01-29,-0.3908257592049846,0.5201731566723131
683351,GS,2020-01-30,0.26843315841821336,0.659258917623198
683352,GS,2020-01-31,-0.3732070801171116,-0.641640238535325
683353,GS,2020-02-01,-1.0512532461480697,-0.678046166030958
683354,GS,2020-02-02,-1.9860577909764767,-0.934804544828407
683355,GS,2020-02-03,-0.793080108228312,1.1929776827481646
683356,GS,2020-02-04,-1.1916823360503677,-0.3986022278220557
683357,GS,2020-02-05,-0.6176947791738935,0.5739875568764742
683358,GS,2020-02-06,-0.10691911967458856,0.5107756594993049
683359,GS,2020-02-07,-0.06724975582683458,0.03966936384775398
683360,GS,2020-02-08,-2.538122347398712,-2.470872591571877
683361,GS,2020-02-09,-2.4256822986382214,0.11244004876049063
683362,GS,2020-02-10,-0.5096780665674391,1.9160042320707822
683363,GS,2020-02-11,0.28724686401356064,0.7969249305809998
683364,GS,2020-02-12,-0.09304741119900173,-0.38029427521256237
683365,GS,2020-02-13,-0.10916798892739236,-0.016120577728390637
683366,GS,2020-02-14,0.4382401390946621,0.5474081280220544
683367,GS,2020-02-15,-0.4601336928204384,-0.8983738319151005
683368,GS,2020-02-16,-0.7570305574078124,-0.296896864587374
683369,GS,2020-02-17,-1.129591330335531,-0.3725607729277185
683370,GS,2020-02-18,-0.4930524899959768,0.6365388403395542
683371,GS,2020-02-19,-0.3681049740857146,0.12494751591026221
683372,GS,2020-02-20,-0.4033754872019888,-0.035270513116274216
683373,GS,2020-02-21,-0.3216815878178725,0.08169389938411631
683374,GS,2020-02-22,-0.0005847909221768158,0.32109679689569565
683375,GS,2020-02-23,-0.3632787617632533,-0.36269397084107646
683376,GS,2020-02-24,-2.132846817357539,-1.7695680555942854
683377,GS,2020-02-25,-1.005276874663212,1.1275699426943269
683378,GS,2020-02-26,-0.5818847882811743,0.4233920863820376
683379,GS,2020-02-27,-2.0758770716532187,-1.4939922833720445
683380,GS,2020-02-28,-1.9662190867410143,0.10965798491220435
683381,GS,2020-02-29,-2.1145078256289063,-0.14828873888789196
683382,GS,2020-03-01,-1.977775774971556,0.13673205065735017
683383,GS,2020-03-02,-2.2546714841157867,-0.27689570914423056
683384,GS,2020-03-03,-1.7933415934079382,0.46132989070784847
683385,GS,2020-03-04,-1.8239065834166448,-0.030564990008706605
683386,GS,2020-03-05,-1.8281764608452908,-0.004269877428646041
683387,GS,2020-03-06,-2.2724452270723985,-0.44426876622710765
683388,GS,2020-03-07,-2.5614805822222384,-0.2890353551498399
683389,GS,2020-03-08,-2.0500558684766754,0.511424713745563
683390,GS,2020-03-09,-3.42182600935087,-1.3717701408741947
683391,GS,2020-03-10,-1.8839323918078283,1.5378936175430418
683392,GS,2020-03-11,-2.488724931801012,-0.6047925399931835
683393,GS,2020-03-12,-2.4278691487677024,0.06085578303330941
683394,GS,2020-03-13,-2.669143740498283,-0.24127459173058075
683395,GS,2020-03-14,-3.1822729772829312,-0.5131292367846481
683396,GS,2020-03-15,-2.5327483571706337,0.6495246201122975
683397,GS,2020-03-16,-2.7902538886541506,-0.25750553148351685
683398,GS,2020-03-17,-2.7561638079824,0.03409008067175057
683399,GS,2020-03-18,-3.12594935623996,-0.36978554825756005
683400,GS,2020-03-19,-2.585286801159716,0.5406625550802442
683401,GS,2020-03-20,-2.7281502548988694,-0.14286345373915355
683402,GS,2020-03-21,-2.768032996153712,-0.03988274125484237
683403,GS,2020-03-22,-2.895057182815548,-0.12702418666183624
683404,GS,2020-03-23,-3.1245673416124453,-0.2295101587968973
683405,GS,2020-03-24,-2.1327762968123816,0.9917910448000637
683406,GS,2020-03-25,-2.268917797440081,-0.13614150062769959
683407,GS,2020-03-26,-2.73300344772142,-0.46408565028133886
683408,GS,2020-03-27,-2.1642590814189067,0.5687443663025133
683409,GS,2020-03-28,-2.392937993356516,-0.22867891193760936
683410,GS,2020-03-29,-2.3989424509376733,-0.0060044575811573075
683411,GS,2020-03-30,-3.3214981507509718,-0.9225556998132984
683412,GS,2020-03-31,-2.606372811565876,0.7151253391850956
683413,GS,2020-04-01,-2.5599037745636,0.046469037002276004
683414,GS,2020-04-02,-2.181913476030519,0.37799029853308097
683415,GS,2020-04-03,-2.0028480299600697,0.1790654460704495
683416,GS,2020-04-04,-2.592244332475848,-0.5893963025157785
683417,GS,2020-04-05,-2.6212019500791,-0.028957617603251773
683418,GS,2020-04-06,-1.3571944640874092,1.2640074859916908
683419,GS,2020-04-07,-1.6891716317316507,-0.33197716764424157
683420,GS,2020-04-08,-3.0626291435792656,-1.3734575118476149
683421,GS,2020-04-09,-2.555253752082069,0.5073753914971966
683422,GS,2020-04-10,-1.730396288102095,0.8248574639799742
683423,GS,2020-04-11,-2.0854527137540075,-0.35505642565191264
683424,GS,2020-04-12,-2.6086343949051245,-0.523181681151117
683425,GS,2020-04-13,-1.4551186524318307,1.1535157424732938
683426,GS,2020-04-14,-1.2200043725418952,0.2351142798899355
683427,GS,2020-04-15,-1.6350266344782325,-0.4150222619363373
683428,GS,2020-04-16,-2.033330339148937,-0.3983037046707043
683429,GS,2020-04-17,-1.3339537395494463,0.6993765995994905
683430,GS,2020-04-18,-0.8642908436711016,0.46966289587834464
683431,GS,2020-04-19,-1.3237392803463115,-0.45944843667520985
683432,GS,2020-04-20,-1.7569169385482108,-0.43317765820189935
683433,GS,2020-04-21,-2.1639318874726103,-0.4070149489243995
683434,GS,2020-04-22,-1.5424286611350904,0.62150322633752
1052094,NEE,2019-12-07,1.263255777109206,2.121784767377285
1052095,NEE,2019-12-08,-0.11504170261719865,-1.3782974797264045
1052096,NEE,2019-12-09,0.2342372341459308,0.3492789367631295
1052097,NEE,2019-12-10,0.5797665327427408,0.34552929859681003
1052098,NEE,2019-12-11,1.037981658784172,0.4582151260414311
1052099,NEE,2019-12-12,0.7090372795309519,-0.32894437925322006
1052100,NEE,2019-12-13,-0.5631446425135704,-1.2721819220445223
1052103,NEE,2019-12-16,0.9214886798765408,-0.13822751311348058
1052104,NEE,2019-12-17,-1.079010853009627,-2.0004995328861677
1052105,NEE,2019-12-18,0.5552114364222266,1.6342222894318534
1052106,NEE,2019-12-19,0.35129340357970235,-0.20391803284252424
1052107,NEE,2019-12-20,2.406115095311512,2.0548216917318096
1052108,NEE,2019-12-21,0.20222446916076808,-2.2038906261507436
1052109,NEE,2019-12-22,0.5013867182206645,0.2991622490598964
1052110,NEE,2019-12-23,-0.5339504822075313,-1.0353372004281958
1052111,NEE,2019-12-24,0.5549330812795146,1.088883563487046
1052112,NEE,2019-12-25,0.9334591686192856,0.378526087339771
1052113,NEE,2019-12-26,-0.013095359826202023,-0.9465545284454876
1052114,NEE,2019-12-27,-0.6882872124681539,-0.6751918526419519
1052115,NEE,2019-12-28,-0.4886082357336175,0.19967897673453644
1052116,NEE,2019-12-29,-0.28851371871530496,0.20009451701831255
1052117,NEE,2019-12-30,-0.11468957060693392,0.17382414810837105
1052118,NEE,2019-12-31,0.3896567887272584,0.5043463593341924
1052119,NEE,2020-01-01,0.9742416795549492,0.5845848908276908
1052120,NEE,2020-01-02,0.4720007730749329,-0.5022409064800164
1052121,NEE,2020-01-03,0.7186705391840693,0.24666976610913643
1052122,NEE,2020-01-04,-0.5491792073725337,-1.267849746556603
1052123,NEE,2020-01-05,-0.07308875489061002,0.47609045248192366
1052124,NEE,2020-01-06,0.20481907535216085,0.2779078302427709
1052127,NEE,2020-01-09,0.08401605378465046,0.6597776130489421
1052128,NEE,2020-01-10,0.7903853655100335,0.706369311725383
1052129,NEE,2020-01-11,1.1823731252081966,0.39198775969816313
1052130,NEE,2020-01-12,-0.12453300124533,-1.3069061264535267
1052131,NEE,2020-01-13,0.7024217173783603,0.8269547186236903
1052132,NEE,2020-01-14,1.5660952460761868,0.8636735286978264
1052133,NEE,2020-01-15,0.10580081403824194,-1.4602944320379447
1052134,NEE,2020-01-16,-0.7756808267153349,-0.8814816407535768
1052135,NEE,2020-01-17,-0.085720758637142,0.6899600680781929
1052136,NEE,2020-01-18,-0.3137937376618423,-0.2280729790247003
1052137,NEE,2020-01-19,1.0387449471198738,1.352538684781716
1052138,NEE,2020-01-20,-1.4657471666322146,-2.5044921137520886
1052139,NEE,2020-01-21,3.3490891922113413,4.814836358843555
1052140,NEE,2020-01-22,1.7138024385568602,-1.635286753654481
1052141,NEE,2020-01-23,1.4947874512325467,-0.21901498732431346
1052142,NEE,2020-01-24,1.98058482176126,0.4857973705287133
1052143,NEE,2020-01-25,2.20838555542986,0.2278007336686001
1052144,NEE,2020-01-26,3.3985028937676383,1.190117338337778
1052145,NEE,2020-01-27,0.8844576627092415,-2.5140452310583967
1052146,NEE,2020-01-28,0.8188787991964968,-0.06557886351274478
1052147,NEE,2020-01-29,0.13407704133921847,-0.6848017578572783
1052148,NEE,2020-01-30,1.3612248350404377,1.2271477937012192
1052149,NEE,2020-01-31,1.5605294006279182,0.19930456558748055
1052150,NEE,2020-02-01,3.2502386885395564,1.6897092879116382
1052151,NEE,2020-02-02,1.01187857457105,-2.2383601139685068
1052152,NEE,2020-02-03,1.6966128861923118,0.6847343116212619
1052153,NEE,2020-02-04,0.007528087838520114,-1.6890847983537915
1052154,NEE,2020-02-05,0.9665645614576452,0.9590364736191251
1052155,NEE,2020-02-06,0.4278615150854552,-0.53870304637219
1052156,NEE,2020-02-07,0.3536705291311104,-0.07419098595434481
1052157,NEE,2020-02-08,-0.23667885428903626,-0.5903493834201466
1052158,NEE,2020-02-09,-0.3836221027439934,-0.14694324845495713
1052159,NEE,2020-02-10,0.5651398506117346,0.9487619533557279
1052160,NEE,2020-02-11,0.04083646215331852,-0.5243033884584161
1052161,NEE,2020-02-12,-0.5306055430048371,-0.5714420051581556
1052162,NEE,2020-02-13,0.8969865232231587,1.4275920662279957
1052163,NEE,2020-02-14,0.4440116954391005,-0.45297482778405823
1052164,NEE,2020-02-15,0.6351856076684408,0.19117391222934027
1052165,NEE,2020-02-16,-0.1443601028302477,-0.7795457104986885
1052166,NEE,2020-02-17,-1.2689586310422545,-1.1245985282120068
1052167,NEE,2020-02-18,-1.3811296257048569,-0.11217099466260239
1052168,NEE,2020-02-19,-0.11826204542045532,1.2628675802844016
1052169,NEE,2020-02-20,0.4908170791395032,0.6090791245599585
1052170,NEE,2020-02-21,0.18758425947212376,-0.3032328196673794
1052171,NEE,2020-02-22,1.83774092335276,1.6501566638806362
1052172,NEE,2020-02-23,0.8183192670154961,-1.019421656337264
1052173,NEE,2020-02-24,0.2546067166653011,-0.563712550350195
1052174,NEE,2020-02-25,2.119929187830936,1.8653224711656349
1052175,NEE,2020-02-26,2.778662549557503,0.6587333617265667
1052176,NEE,2020-02-27,0.8720845633443354,-1.9065779862131675
1052177,NEE,2020-02-28,1.8268656813287265,0.9547811179843911
1052178,NEE,2020-02-29,0.8614923355222037,-0.9653733458065228
1052179,NEE,2020-03-01,1.5479456767612467,0.686453341239043
1052180,NEE,2020-03-02,-1.5597001918432385,-3.107645868604485
1052181,NEE,2020-03-03,0.4547662802631386,2.014466472106377
1052182,NEE,2020-03-04,0.5116588327039359,0.05689255244079727
1052183,NEE,2020-03-05,-0.5475695147226972,-1.059228347426633
1052184,NEE,2020-03-06,-0.17103376025083095,0.37653575447186627
1052185,NEE,2020-03-07,0.0964846144101265,0.26751837466095746
1052186,NEE,2020-03-08,0.042313021992424,-0.054171592417702495
1052187,NEE,2020-03-09,-0.4833730886193749,-0.5256861106117989
1052188,NEE,2020-03-10,-2.0373102492162065,-1.5539371605968317
1052189,NEE,2020-03-11,-0.2493810506560316,1.7879291985601748
1052190,NEE,2020-03-12,-3.560201010592801,-3.3108199599367696
1052191,NEE,2020-03-13,-0.6750213739484662,2.885179636644335
1052192,NEE,2020-03-14,0.6031363088057901,1.2781576827542562
1052193,NEE,2020-03-15,-2.5236286852504883,-3.1267649940562783
1052194,NEE,2020-03-16,-0.4512887756834307,2.0723399095670576
1052195,NEE,2020-03-17,-0.5917001836198189,-0.14041140793638823
1052196,NEE,2020-03-18,0.14033137686603078,0.7320315604858497
1052197,NEE,2020-03-19,-0.2015300827015255,-0.3418614595675563
1052198,NEE,2020-03-20,-0.4227318356053051,-0.22120175290377958
1052199,NEE,2020-03-21,0.920245398773006,1.342977234378311
1052200,NEE,2020-03-22,0.341530054644809,-0.578715344128197
1052201,NEE,2020-03-23,-1.3542294255775944,-1.6957594802224034
1052202,NEE,2020-03-24,0.3703255062747079,1.7245549318523024
1052203,NEE,2020-03-25,1.0374777495934029,0.6671522433186949
1052204,NEE,2020-03-26,-0.5773332282237075,-1.6148109778171102
1052205,NEE,2020-03-27,-0.5538036965305934,0.023529531693114114
1052206,NEE,2020-03-28,-1.156088103247305,-0.6022844067167116
1052207,NEE,2020-03-29,-1.0387408349617429,0.11734726828556208
1052208,NEE,2020-03-30,0.4370296347205016,1.4757704696822445
1052209,NEE,2020-03-31,0.06061942525266645,-0.37641020946783516
1052210,NEE,2020-04-01,-0.5938784357832673,-0.6544978610359338
1052211,NEE,2020-04-02,1.9539363147256927,2.54781475050896
1052212,NEE,2020-04-03,-2.3283339794533826,-4.282270294179075
1052213,NEE,2020-04-04,1.0260735382827006,3.3544075177360835
1052214,NEE,2020-04-05,-0.02960706829830945,-1.05568060658101
1052215,NEE,2020-04-06,-0.913145382390774,-0.8835383140924645
1052216,NEE,2020-04-07,-0.4973664853311064,0.41577889705966764
1052217,NEE,2020-04-08,0.6756086169120723,1.1729751022431787
1052218,NEE,2020-04-09,-0.3150731483539669,-0.9906817652660391
1052219,NEE,2020-04-10,1.6923051584425854,2.0073783067965523
1052220,NEE,2020-04-11,-1.77777777777778,-3.4700829362203653
1052223,NEE,2020-04-14,-2.2295721422020858,-0.605178805549385
1052224,NEE,2020-04-15,2.169282501233495,4.39885464343558
1052225,NEE,2020-04-16,0.40645911303607984,-1.7628233881974151
1052226,NEE,2020-04-17,0.05917737679879132,-0.34728173623728853
1052227,NEE,2020-04-18,1.7973856209150352,1.7382082441162439
1052228,NEE,2020-04-19,-1.5560472640299874,-3.353432884945023
1052229,NEE,2020-04-20,-2.3470471228804173,-0.7909998588504299
1052230,NEE,2020-04-21,-0.5773450388024651,1.7697020840779523
1052231,NEE,2020-04-22,0.9877656389925308,1.565110677794996
1526630,WMT,2019-12-07,-0.019934886225670145,-0.4993329789591424
1526631,WMT,2019-12-08,-0.009032325756290396,0.010902560469379749
1526632,WMT,2019-12-09,0.3379947547082773,0.34702708046456765
1526633,WMT,2019-12-10,0.39089573489641183,0.05290098018813455
1526634,WMT,2019-12-11,0.5543347234405722,0.1634389885441604
1526635,WMT,2019-12-12,0.8296430793344279,0.2753083558938557
1526636,WMT,2019-12-13,0.2340053508152106,-0.5956377285192174
1526637,WMT,2019-12-14,0.12353885090163715,-0.11046649991357345
1526638,WMT,2019-12-15,0.36252642685994463,0.2389875759583075
1526639,WMT,2019-12-16,-0.5060816232970996,-0.8686080501570442
1526640,WMT,2019-12-17,-0.8777051898534393,-0.37162356655633966
1526641,WMT,2019-12-18,-0.06843649208740019,0.809268697766039
1526642,WMT,2019-12-19,-0.28588183407569456,-0.21744534198829438
1526643,WMT,2019-12-20,-0.032424165469289716,0.25345766860640484
1526644,WMT,2019-12-21,-0.5443157982060621,-0.5118916327367724
1526645,WMT,2019-12-22,-0.817434442917547,-0.27311864471148484
1526646,WMT,2019-12-23,-0.5657010593720069,0.2517333835455401
1526647,WMT,2019-12-24,-0.04793969420548303,0.5177613651665238
1526648,WMT,2019-12-25,0.15137208401825475,0.19931177822373777
1526649,WMT,2019-12-26,0.0029300786787167963,-0.14844200533953794
1526650,WMT,2019-12-27,-0.5891733854795692,-0.592103464158286
1526651,WMT,2019-12-28,-3.303664271440475,-2.7144908859609056
1526652,WMT,2019-12-29,-2.5452821934243377,0.7583820780161372
1526653,WMT,2019-12-30,-0.629939775736192,1.9153424176881457
1526654,WMT,2019-12-31,-1.5117348254712413,-0.8817950497350493
1526655,WMT,2020-01-01,-0.5724971030717796,0.9392377223994617
1526656,WMT,2020-01-02,-0.9765181342164392,-0.4040210311446596
1526657,WMT,2020-01-03,-1.957119768610661,-0.9806016343942218
1526658,WMT,2020-01-04,-1.1565206137230164,0.8005991548876445
1526659,WMT,2020-01-05,-1.480910404108521,-0.32438979038550464
1526660,WMT,2020-01-06,-1.5231540613330041,-0.04224365722448309
1526661,WMT,2020-01-07,-2.1036189311007507,-0.5804648697677466
1526662,WMT,2020-01-08,-0.7081152889066479,1.395503642194103
1526663,WMT,2020-01-09,-0.803060592923979,-0.09494530401733114
1526664,WMT,2020-01-10,-0.5816238823918968,0.22143671053208225
1526665,WMT,2020-01-11,-1.0793548147789735,-0.4977309323870768
1526666,WMT,2020-01-12,0.3325747746991355,1.411929589478109
1526667,WMT,2020-01-13,-0.1010422091030306,-0.43361698380216607
1526668,WMT,2020-01-14,-1.2376424865354347,-1.1366002774324042
1526669,WMT,2020-01-15,-1.3403145664197242,-0.1026720798842895
1526670,WMT,2020-01-16,-0.6824427217594581,0.6578718446602662
1526671,WMT,2020-01-17,-0.4795166606858395,0.2029260610736186
1526672,WMT,2020-01-18,-0.12619908524606668,0.3533175754397728
1526673,WMT,2020-01-19,-0.08505714727825116,0.041141937967815526
1526674,WMT,2020-01-20,-0.4679979352430156,-0.38294078796476444
1526675,WMT,2020-01-21,-0.424045468306948,0.04395246693606758
1526676,WMT,2020-01-22,-0.3479058877505473,0.07613958055640069
1526677,WMT,2020-01-23,-0.27999388741531944,0.06791200033522787
1526678,WMT,2020-01-24,-0.4881854115013785,-0.20819152408605907
1526679,WMT,2020-01-25,-0.4738524075789299,0.014333003922448628
1526680,WMT,2020-01-26,-0.600854067126962,-0.1270016595480321
1526681,WMT,2020-01-27,-0.17605681762062075,0.42479724950634123
1526682,WMT,2020-01-28,-0.9363236043979244,-0.7602667867773036
1526683,WMT,2020-01-29,-0.3475535132656194,0.588770091132305
1526684,WMT,2020-01-30,-0.4572449122136345,-0.1096913989480151
1526685,WMT,2020-01-31,-0.5124588786006751,-0.05521396638704057
1526686,WMT,2020-02-01,-2.420854941007166,-1.9083960624064908
1526687,WMT,2020-02-02,-0.7339348283542171,1.6869201126529487
1526688,WMT,2020-02-03,-0.006659926733767082,0.72727490162045
1526689,WMT,2020-02-04,-1.9918266522967008,-1.9851667255629337
1526690,WMT,2020-02-05,-1.500380222111181,0.4914464301855197
1526691,WMT,2020-02-06,-2.3249979975551347,-0.8246177754439536
1526692,WMT,2020-02-07,-3.841041460244335,-1.5160434626892
1526693,WMT,2020-02-08,-1.9818683939712232,1.8591730662731116
1526694,WMT,2020-02-09,-1.3749497358139176,0.6069186581573056
1526695,WMT,2020-02-10,-2.932747937958597,-1.5577982021446795
1526696,WMT,2020-02-11,-1.5072491763656035,1.4254987615929935
1526697,WMT,2020-02-12,-1.8961413492652708,-0.38889217289966727
1526698,WMT,2020-02-13,-2.22028897745004,-0.3241476281847693
1526699,WMT,2020-02-14,-1.3018174417114097,0.9184715357386304
1526700,WMT,2020-02-15,-1.4319323154697912,-0.1301148737583815
1526701,WMT,2020-02-16,-0.4992934166816167,0.9326388987881744
1526702,WMT,2020-02-17,-1.208065308013446,-0.7087718913318293
1526703,WMT,2020-02-18,-0.9309203708887768,0.27714493712466926
1526704,WMT,2020-02-19,-1.188863026995771,-0.2579426561069942
1526705,WMT,2020-02-20,-0.5974419026189183,0.5914211243768527
1526706,WMT,2020-02-21,-0.46780455585022906,0.1296373467686892
1526707,WMT,2020-02-22,-0.42351370547073536,0.04429085037949371
1526708,WMT,2020-02-23,-1.1783097946060292,-0.7547960891352938
1526709,WMT,2020-02-24,-0.9540672123475121,0.22424258225851712
1526710,WMT,2020-02-25,-0.7943206417538059,0.15974657059370623
1526711,WMT,2020-02-26,-0.9199508225371228,-0.1256301807833169
1526712,WMT,2020-02-27,-1.6329726733521337,-0.7130218508150109
1526713,WMT,2020-02-28,-1.6998033755261024,-0.06683070217396869
1526714,WMT,2020-02-29,-1.4336659423485216,0.26613743317758076
1526715,WMT,2020-03-01,-0.8111321843433151,0.6225337580052065
1526716,WMT,2020-03-02,-1.2414336550182772,-0.43030147067496205
1526717,WMT,2020-03-03,-0.8598200970591496,0.38161355795912755
1526718,WMT,2020-03-04,-0.8990620919123224,-0.03924199485317281
1526719,WMT,2020-03-05,-1.293833541843343,-0.39477144993102065
1526720,WMT,2020-03-06,-1.7352068428914045,-0.4413733010480614
1526721,WMT,2020-03-07,-1.5646739358494453,0.17053290704195923
1526722,WMT,2020-03-08,-1.4360574723371384,0.12861646351230682
1526723,WMT,2020-03-09,-1.7344657561021122,-0.29840828376497375
1526724,WMT,2020-03-10,-1.83692999100832,-0.10246423490620793
1526725,WMT,2020-03-11,-1.520188745579902,0.3167412454284182
1526726,WMT,2020-03-12,-1.0305362227312376,0.48965252284866434
1526727,WMT,2020-03-13,-1.4038757871498595,-0.3733395644186219
1526728,WMT,2020-03-14,-1.764493786897665,-0.3606179997478054
1526729,WMT,2020-03-15,-1.3251049321560002,0.43938885474166467
1526730,WMT,2020-03-16,-1.6503814434321389,-0.32527651127613866
1526731,WMT,2020-03-17,-1.3729676630353531,0.27741378039678577
1526732,WMT,2020-03-18,-1.2289202053771466,0.14404745765820648
1526733,WMT,2020-03-19,-0.8602818893568456,0.36863831602030106
1526734,WMT,2020-03-20,-0.8633196321486479,-0.003037742791802356
1526735,WMT,2020-03-21,-0.8942764327351199,-0.03095680058647199
1526736,WMT,2020-03-22,-1.2960199652065836,-0.40174353247146366
1526737,WMT,2020-03-23,-1.1400772473472995,0.15594271785928404
1526738,WMT,2020-03-24,-1.0492932333971328,0.09078401395016678
1526739,WMT,2020-03-25,-1.6089060267082798,-0.559612793311147
1526740,WMT,2020-03-26,-1.391898401171881,0.21700762553639885
1526741,WMT,2020-03-27,-1.0147494309060143,0.3771489702658666
1526742,WMT,2020-03-28,-1.2272519120837413,-0.21250248117772697
1526743,WMT,2020-03-29,-1.2832156735591929,-0.05596376147545157
1526744,WMT,2020-03-30,-1.2669165296236191,0.016299143935573746
1526745,WMT,2020-03-31,-1.0294224644215804,0.23749406520203875
1526746,WMT,2020-04-01,-1.5168486213238823,-0.48742615690230195
1526747,WMT,2020-04-02,-1.340179729386053,0.17666889193782942
1526748,WMT,2020-04-03,-0.6445681020456625,0.6956116273403904
1526749,WMT,2020-04-04,-1.0834449669382658,-0.43887686489260325
1526750,WMT,2020-04-05,-1.4808630319172351,-0.39741806497896937
1526751,WMT,2020-04-06,-1.4452916080835998,0.03557142383363532
1526752,WMT,2020-04-07,-1.353212037394331,0.09207957068926875
1526753,WMT,2020-04-08,-1.1915504608011784,0.1616615765931526
1526754,WMT,2020-04-09,-1.2254930971427178,-0.03394263634153938
1526755,WMT,2020-04-10,-0.8766073435277459,0.34888575361497187
1526756,WMT,2020-04-11,-1.1013034263312926,-0.2246960828035467
1526757,WMT,2020-04-12,-1.047432843904403,0.05387058242688969
1526758,WMT,2020-04-13,-1.266765805395769,-0.21933296149136616
1526759,WMT,2020-04-14,-1.0144379787591702,0.2523278266365989
1526760,WMT,2020-04-15,-1.6412270019593993,-0.6267890232002291
1526761,WMT,2020-04-16,-1.51234094541877,0.12888605654062935
1526762,WMT,2020-04-17,-1.8318890138382755,-0.31954806841950556
1526763,WMT,2020-04-18,-1.5990430594576128,0.2328459543806627
1526764,WMT,2020-04-19,-1.3342989970492607,0.26474406240835213
1526765,WMT,2020-04-20,-0.7264639624145248,0.6078350346347359
1526766,WMT,2020-04-21,-0.8666100700231703,-0.14014610760864543
1526767,WMT,2020-04-22,-0.7770626510841874,0.08954741893898288
